{
	"credit": "Made by Bret06 using Blockbench",
	"texture_size": [64, 64],
	"textures": {
		"0": "tydiumcraft:animals/owl",
		"particle": "tydiumcraft:animals/owl"
	},
	"elements": [
		{
			"name": "bone",
			"from": [4, 3.2, 6],
			"to": [5, 9.2, 11],
			"rotation": {"angle": -22.5, "axis": "x", "origin": [4.5, 9.2, 8.5]},
			"faces": {
				"north": {"uv": [4.25, 9, 4.5, 10.5], "texture": "#0"},
				"east": {"uv": [3, 9, 4.25, 10.5], "texture": "#0"},
				"south": {"uv": [5.75, 9, 6, 10.5], "texture": "#0"},
				"west": {"uv": [4.5, 9, 5.75, 10.5], "texture": "#0"},
				"up": {"uv": [4.5, 9, 4.25, 7.75], "texture": "#0"},
				"down": {"uv": [4.75, 7.75, 4.5, 9], "texture": "#0"}
			}
		},
		{
			"name": "bone",
			"from": [11, 3.2, 6],
			"to": [12, 9.2, 11],
			"rotation": {"angle": -22.5, "axis": "x", "origin": [11.5, 9.2, 8.5]},
			"faces": {
				"north": {"uv": [4.25, 9, 4.5, 10.5], "texture": "#0"},
				"east": {"uv": [3, 9, 4.25, 10.5], "texture": "#0"},
				"south": {"uv": [5.75, 9, 6, 10.5], "texture": "#0"},
				"west": {"uv": [4.5, 9, 5.75, 10.5], "texture": "#0"},
				"up": {"uv": [4.5, 9, 4.25, 7.75], "texture": "#0"},
				"down": {"uv": [4.75, 7.75, 4.5, 9], "texture": "#0"}
			}
		},
		{
			"name": "bone3",
			"from": [9, 0.2, 8],
			"to": [10, 2.2, 9],
			"rotation": {"angle": -22.5, "axis": "x", "origin": [9.5, 2.2, 8.5]},
			"faces": {
				"north": {"uv": [0.25, 0.5, 0.5, 1], "texture": "#0"},
				"east": {"uv": [0, 0.5, 0.25, 1], "texture": "#0"},
				"south": {"uv": [0.75, 0.5, 1, 1], "texture": "#0"},
				"west": {"uv": [0.5, 0.5, 0.75, 1], "texture": "#0"},
				"up": {"uv": [0.5, 0.5, 0.25, 0.25], "texture": "#0"},
				"down": {"uv": [0.75, 0.25, 0.5, 0.5], "texture": "#0"}
			}
		},
		{
			"name": "bone3",
			"from": [8.5, 0.2, 7],
			"to": [10.5, 0.2, 8],
			"rotation": {"angle": -22.5, "axis": "x", "origin": [9.5, 2.2, 8.5]},
			"faces": {
				"north": {"uv": [0.25, 0.25, 0.75, 0.25], "texture": "#0"},
				"east": {"uv": [0, 0.25, 0.25, 0.25], "texture": "#0"},
				"south": {"uv": [1, 0.25, 1.5, 0.25], "texture": "#0"},
				"west": {"uv": [0.75, 0.25, 1, 0.25], "texture": "#0"},
				"up": {"uv": [0.75, 0.25, 0.25, 0], "texture": "#0"},
				"down": {"uv": [0.75, 0, 0.25, 0.25], "texture": "#0"}
			}
		},
		{
			"name": "bone3",
			"from": [6, 0.2, 8],
			"to": [7, 2.2, 9],
			"rotation": {"angle": 22.5, "axis": "x", "origin": [6.5, 2.2, 8.5]},
			"faces": {
				"north": {"uv": [0.25, 0.5, 0.5, 1], "texture": "#0"},
				"east": {"uv": [0, 0.5, 0.25, 1], "texture": "#0"},
				"south": {"uv": [0.75, 0.5, 1, 1], "texture": "#0"},
				"west": {"uv": [0.5, 0.5, 0.75, 1], "texture": "#0"},
				"up": {"uv": [0.5, 0.5, 0.25, 0.25], "texture": "#0"},
				"down": {"uv": [0.75, 0.25, 0.5, 0.5], "texture": "#0"}
			}
		},
		{
			"name": "bone3",
			"from": [5.5, 0.2, 7],
			"to": [7.5, 0.2, 8],
			"rotation": {"angle": 22.5, "axis": "x", "origin": [6.5, 2.2, 8.5]},
			"faces": {
				"north": {"uv": [0.25, 0.25, 0.75, 0.25], "texture": "#0"},
				"east": {"uv": [0, 0.25, 0.25, 0.25], "texture": "#0"},
				"south": {"uv": [1, 0.25, 1.5, 0.25], "texture": "#0"},
				"west": {"uv": [0.75, 0.25, 1, 0.25], "texture": "#0"},
				"up": {"uv": [0.75, 0.25, 0.25, 0], "texture": "#0"},
				"down": {"uv": [0.75, 0, 0.25, 0.25], "texture": "#0"}
			}
		},
		{
			"name": "bone2",
			"from": [5, 10, 6],
			"to": [11, 15, 11],
			"faces": {
				"north": {"uv": [5.5, 6.5, 7, 7.75], "texture": "#0"},
				"east": {"uv": [4.25, 6.5, 5.5, 7.75], "texture": "#0"},
				"south": {"uv": [8.25, 6.5, 9.75, 7.75], "texture": "#0"},
				"west": {"uv": [7, 6.5, 8.25, 7.75], "texture": "#0"},
				"up": {"uv": [7, 6.5, 5.5, 5.25], "texture": "#0"},
				"down": {"uv": [8.5, 5.25, 7, 6.5], "texture": "#0"}
			}
		},
		{
			"name": "bone2",
			"from": [4, 9.9, 5.5],
			"to": [12, 15.9, 5.5],
			"faces": {
				"north": {"uv": [5.5, 3.25, 7.25, 4.5], "texture": "#0"},
				"east": {"uv": [4.25, 3.25, 5.5, 4.5], "texture": "#0"},
				"south": {"uv": [5.5, 3.25, 7.25, 4.5], "texture": "#0"},
				"west": {"uv": [7.25, 3.25, 8.5, 4.5], "texture": "#0"},
				"up": {"uv": [7.25, 3.25, 5.5, 2], "texture": "#0"},
				"down": {"uv": [9, 2, 7.25, 3.25], "texture": "#0"}
			}
		},
		{
			"name": "bone2",
			"from": [7.5, 9.8, 5],
			"to": [8.5, 11.8, 6],
			"faces": {
				"north": {"uv": [4.5, 0.25, 4.75, 0.75], "texture": "#0"},
				"east": {"uv": [4.25, 0.25, 4.5, 0.75], "texture": "#0"},
				"south": {"uv": [5, 0.25, 5.25, 0.75], "texture": "#0"},
				"west": {"uv": [4.75, 0.25, 5, 0.75], "texture": "#0"},
				"up": {"uv": [4.75, 0.25, 4.5, 0], "texture": "#0"},
				"down": {"uv": [5, 0, 4.75, 0.25], "texture": "#0"}
			}
		},
		{
			"name": "bone",
			"from": [5, 2.2, 6],
			"to": [11, 10.2, 11],
			"rotation": {"angle": 0, "axis": "x", "origin": [8, 1, 10]},
			"faces": {
				"north": {"uv": [1.25, 4.5, 2.75, 6.5], "texture": "#0"},
				"east": {"uv": [0, 4.5, 1.25, 6.5], "texture": "#0"},
				"south": {"uv": [4, 4.5, 5.5, 6.5], "texture": "#0"},
				"west": {"uv": [2.75, 4.5, 4, 6.5], "texture": "#0"},
				"up": {"uv": [2.75, 4.5, 1.25, 3.25], "texture": "#0"},
				"down": {"uv": [4.25, 3.25, 2.75, 4.5], "texture": "#0"}
			}
		},
		{
			"name": "bone3",
			"from": [4.5, 10.7, 5.5],
			"to": [11.5, 10.7, 11.5],
			"rotation": {"angle": 0, "axis": "x", "origin": [8, 1, 10]},
			"faces": {
				"north": {"uv": [1.25, 1.25, 2.75, 3.25], "texture": "#0"},
				"east": {"uv": [0, 1.25, 1.25, 3.25], "texture": "#0"},
				"south": {"uv": [4, 1.25, 5.5, 3.25], "texture": "#0"},
				"west": {"uv": [2.75, 1.25, 4, 3.25], "texture": "#0"},
				"up": {"uv": [2.75, 1.25, 1.25, 0], "texture": "#0"},
				"down": {"uv": [2.75, 0, 1.25, 1.25], "texture": "#0"}
			}
		},
		{
			"name": "bone4",
			"from": [4.5, 1.7, 11.5],
			"to": [11.5, 10.7, 11.5],
			"rotation": {"angle": 0, "axis": "x", "origin": [8, 1, 10]},
			"faces": {
				"north": {"uv": [4, 1.25, 5.5, 3.25], "texture": "#0"},
				"east": {"uv": [0, 1.25, 1.25, 3.25], "texture": "#0"},
				"south": {"uv": [4, 1.25, 5.5, 3.25], "texture": "#0"},
				"west": {"uv": [2.75, 1.25, 4, 3.25], "texture": "#0"},
				"up": {"uv": [2.75, 1.25, 1.25, 0], "texture": "#0"},
				"down": {"uv": [4.25, 0, 2.75, 1.25], "texture": "#0"}
			}
		},
		{
			"name": "bone4",
			"from": [11.5, 1.7, 5.5],
			"to": [11.5, 10.7, 11.5],
			"rotation": {"angle": 0, "axis": "x", "origin": [8, 1, 10]},
			"faces": {
				"north": {"uv": [1.25, 1.25, 2.75, 3.25], "texture": "#0"},
				"east": {"uv": [0, 1.25, 1.25, 3.25], "texture": "#0"},
				"south": {"uv": [4, 1.25, 5.5, 3.25], "texture": "#0"},
				"west": {"uv": [2.75, 1.25, 4, 3.25], "texture": "#0"},
				"up": {"uv": [2.75, 1.25, 1.25, 0], "texture": "#0"},
				"down": {"uv": [4.25, 0, 2.75, 1.25], "texture": "#0"}
			}
		},
		{
			"name": "bone4",
			"from": [4.5, 1.7, 5.5],
			"to": [4.5, 10.7, 11.5],
			"rotation": {"angle": 0, "axis": "x", "origin": [8, 1, 10]},
			"faces": {
				"north": {"uv": [1.25, 1.25, 2.75, 3.25], "texture": "#0"},
				"east": {"uv": [0, 1.25, 1.25, 3.25], "texture": "#0"},
				"south": {"uv": [4, 1.25, 5.5, 3.25], "texture": "#0"},
				"west": {"uv": [2.75, 1.25, 4, 3.25], "texture": "#0"},
				"up": {"uv": [2.75, 1.25, 1.25, 0], "texture": "#0"},
				"down": {"uv": [4.25, 0, 2.75, 1.25], "texture": "#0"}
			}
		},
		{
			"name": "bone4",
			"from": [4.5, 1.7, 5.5],
			"to": [11.5, 10.7, 5.5],
			"rotation": {"angle": 0, "axis": "x", "origin": [8, 1, 10]},
			"faces": {
				"north": {"uv": [1.25, 1.25, 2.75, 3.25], "texture": "#0"},
				"east": {"uv": [0, 1.25, 1.25, 3.25], "texture": "#0"},
				"south": {"uv": [1.25, 1.25, 2.75, 3.25], "texture": "#0"},
				"west": {"uv": [2.75, 1.25, 4, 3.25], "texture": "#0"},
				"up": {"uv": [2.75, 1.25, 1.25, 0], "texture": "#0"},
				"down": {"uv": [4.25, 0, 2.75, 1.25], "texture": "#0"}
			}
		}
	],
	"gui_light": "front",
	"display": {
		"gui": {
			"rotation": [-159.75, 26.25, -180],
			"translation": [0, -0.25, 0]
		},
		"head": {
			"translation": [0, -37.25, -0.5],
			"scale": [2, 2, 2]
		},
		"fixed": {
			"rotation": [-90, 0, 0],
			"translation": [0, 0, -15.75],
			"scale": [2, 2, 2]
		}
	},
	"groups": [
		{
			"name": "bone4",
			"origin": [0, 0, 0],
			"color": 0,
			"nbt": "{}",
			"armAnimationEnabled": false,
			"children": [
				{
					"name": "bone",
					"origin": [0, 1.2, 0],
					"rotation": [-10, 0, 0],
					"color": 0,
					"nbt": "{}",
					"armAnimationEnabled": false,
					"children": [
						0,
						1,
						{
							"name": "bone3",
							"origin": [0, 2.2, -1],
							"rotation": [10, 0, 0],
							"color": 0,
							"nbt": "{}",
							"armAnimationEnabled": false,
							"children": [
								{
									"name": "group",
									"origin": [0, 0, 0],
									"color": 0,
									"nbt": "{}",
									"armAnimationEnabled": false,
									"children": [2, 3]
								},
								{
									"name": "group",
									"origin": [0, 0, 0],
									"color": 0,
									"nbt": "{}",
									"armAnimationEnabled": false,
									"children": [4, 5]
								}
							]
						}
					]
				},
				{
					"name": "bone2",
					"origin": [0, 9, 1],
					"color": 0,
					"nbt": "{}",
					"armAnimationEnabled": false,
					"children": [6, 7, 8]
				}
			]
		},
		{
			"name": "group",
			"origin": [0, 0, 0],
			"color": 0,
			"nbt": "{}",
			"armAnimationEnabled": false,
			"children": [9, 10, 11, 12, 13, 14]
		}
	]
}