{
	"credit": "Made with Blockbench",
	"texture_size": [256, 256],
	"textures": {
		"0": "builder:decor/couch/yellow",
		"particle": "builder:decor/couch/yellow"
	},
	"elements": [
		{
			"from": [25, -9, -4],
			"to": [28, -7, -1],
			"rotation": {"angle": 0, "axis": "y", "origin": [-2.5, -9, -11]},
			"faces": {
				"north": {"uv": [0.1875, 0.1875, 0.375, 0.3125], "texture": "#0"},
				"east": {"uv": [0, 0.1875, 0.1875, 0.3125], "texture": "#0"},
				"south": {"uv": [0.5625, 0.1875, 0.75, 0.3125], "texture": "#0"},
				"west": {"uv": [0.375, 0.1875, 0.5625, 0.3125], "texture": "#0"},
				"up": {"uv": [0.375, 0.1875, 0.1875, 0], "texture": "#0"},
				"down": {"uv": [0.5625, 0, 0.375, 0.1875], "texture": "#0"}
			}
		},
		{
			"from": [-13, -9, -4],
			"to": [-10, -7, -1],
			"rotation": {"angle": 0, "axis": "y", "origin": [-2.5, -9, -11]},
			"faces": {
				"north": {"uv": [0.1875, 0.1875, 0.375, 0.3125], "texture": "#0"},
				"east": {"uv": [0, 0.1875, 0.1875, 0.3125], "texture": "#0"},
				"south": {"uv": [0.5625, 0.1875, 0.75, 0.3125], "texture": "#0"},
				"west": {"uv": [0.375, 0.1875, 0.5625, 0.3125], "texture": "#0"},
				"up": {"uv": [0.375, 0.1875, 0.1875, 0], "texture": "#0"},
				"down": {"uv": [0.5625, 0, 0.375, 0.1875], "texture": "#0"}
			}
		},
		{
			"from": [25, -9, 16],
			"to": [28, -7, 19],
			"rotation": {"angle": 0, "axis": "y", "origin": [-2.5, -9, -11]},
			"faces": {
				"north": {"uv": [0.1875, 0.1875, 0.375, 0.3125], "texture": "#0"},
				"east": {"uv": [0, 0.1875, 0.1875, 0.3125], "texture": "#0"},
				"south": {"uv": [0.5625, 0.1875, 0.75, 0.3125], "texture": "#0"},
				"west": {"uv": [0.375, 0.1875, 0.5625, 0.3125], "texture": "#0"},
				"up": {"uv": [0.375, 0.1875, 0.1875, 0], "texture": "#0"},
				"down": {"uv": [0.5625, 0, 0.375, 0.1875], "texture": "#0"}
			}
		},
		{
			"from": [-13, -9, 16],
			"to": [-10, -7, 19],
			"rotation": {"angle": 0, "axis": "y", "origin": [-2.5, -9, -11]},
			"faces": {
				"north": {"uv": [0.1875, 0.1875, 0.375, 0.3125], "texture": "#0"},
				"east": {"uv": [0, 0.1875, 0.1875, 0.3125], "texture": "#0"},
				"south": {"uv": [0.5625, 0.1875, 0.75, 0.3125], "texture": "#0"},
				"west": {"uv": [0.375, 0.1875, 0.5625, 0.3125], "texture": "#0"},
				"up": {"uv": [0.375, 0.1875, 0.1875, 0], "texture": "#0"},
				"down": {"uv": [0.5625, 0, 0.375, 0.1875], "texture": "#0"}
			}
		},
		{
			"from": [23.5, -7, -6],
			"to": [29.5, 11, 20],
			"rotation": {"angle": 0, "axis": "y", "origin": [-2.5, -9, -11]},
			"faces": {
				"north": {"uv": [4, 4.4375, 4.375, 5.5625], "texture": "#0"},
				"east": {"uv": [2.375, 4.4375, 4, 5.5625], "texture": "#0"},
				"south": {"uv": [6, 4.4375, 6.375, 5.5625], "texture": "#0"},
				"west": {"uv": [4.375, 4.4375, 6, 5.5625], "texture": "#0"},
				"up": {"uv": [4.375, 4.4375, 4, 2.8125], "texture": "#0"},
				"down": {"uv": [4.75, 2.8125, 4.375, 4.4375], "texture": "#0"}
			}
		},
		{
			"from": [-14.5, -7, -6],
			"to": [-8.5, 11, 20],
			"rotation": {"angle": 0, "axis": "y", "origin": [-2.5, -9, -11]},
			"faces": {
				"north": {"uv": [1.625, 3.3125, 2, 4.4375], "texture": "#0"},
				"east": {"uv": [0, 3.3125, 1.625, 4.4375], "texture": "#0"},
				"south": {"uv": [3.625, 3.3125, 4, 4.4375], "texture": "#0"},
				"west": {"uv": [2, 3.3125, 3.625, 4.4375], "texture": "#0"},
				"up": {"uv": [2, 3.3125, 1.625, 1.6875], "texture": "#0"},
				"down": {"uv": [2.375, 1.6875, 2, 3.3125], "texture": "#0"}
			}
		},
		{
			"from": [-8.5, -7, 12],
			"to": [23.5, 11, 20],
			"rotation": {"angle": 0, "axis": "y", "origin": [-2.5, -9, -11]},
			"faces": {
				"north": {"uv": [5.25, 2.1875, 7.25, 3.3125], "texture": "#0"},
				"east": {"uv": [4.75, 2.1875, 5.25, 3.3125], "texture": "#0"},
				"south": {"uv": [7.75, 2.1875, 9.75, 3.3125], "texture": "#0"},
				"west": {"uv": [7.25, 2.1875, 7.75, 3.3125], "texture": "#0"},
				"up": {"uv": [7.25, 2.1875, 5.25, 1.6875], "texture": "#0"},
				"down": {"uv": [9.25, 1.6875, 7.25, 2.1875], "texture": "#0"}
			}
		},
		{
			"from": [-8.5, -7, -4],
			"to": [23.5, 4, 12],
			"rotation": {"angle": 0, "axis": "y", "origin": [-2.5, -9, -11]},
			"faces": {
				"north": {"uv": [1, 1, 3, 1.6875], "texture": "#0"},
				"east": {"uv": [0, 1, 1, 1.6875], "texture": "#0"},
				"south": {"uv": [4, 1, 6, 1.6875], "texture": "#0"},
				"west": {"uv": [3, 1, 4, 1.6875], "texture": "#0"},
				"up": {"uv": [3, 1, 1, 0], "texture": "#0"},
				"down": {"uv": [5, 0, 3, 1], "texture": "#0"}
			}
		},
		{
			"from": [-8.5, 10.4, 2],
			"to": [23.5, 29.4, 8],
			"rotation": {"angle": 22.5, "axis": "x", "origin": [-2.5, -9, -11]},
			"faces": {
				"north": {"uv": [0.375, 5.9375, 2.375, 7.125], "texture": "#0"},
				"east": {"uv": [0, 5.9375, 0.375, 7.125], "texture": "#0"},
				"south": {"uv": [2.75, 5.9375, 4.75, 7.125], "texture": "#0"},
				"west": {"uv": [2.375, 5.9375, 2.75, 7.125], "texture": "#0"},
				"up": {"uv": [2.375, 5.9375, 0.375, 5.5625], "texture": "#0"},
				"down": {"uv": [4.375, 5.5625, 2.375, 5.9375], "texture": "#0"}
			}
		}
	],
	"display": {
		"thirdperson_righthand": {
			"rotation": [75, 45, 0],
			"translation": [0, 2.5, 0],
			"scale": [0.375, 0.375, 0.375]
		},
		"thirdperson_lefthand": {
			"rotation": [75, 45, 0],
			"translation": [0, 2.5, 0],
			"scale": [0.375, 0.375, 0.375]
		},
		"firstperson_righthand": {
			"rotation": [0, 45, 0],
			"scale": [0.4, 0.4, 0.4]
		},
		"firstperson_lefthand": {
			"rotation": [0, 225, 0],
			"scale": [0.4, 0.4, 0.4]
		},
		"ground": {
			"translation": [0, 3, 0],
			"scale": [0.25, 0.25, 0.25]
		},
		"gui": {
			"rotation": [30, 225, 0],
			"translation": [0.25, 0.5, 0],
			"scale": [0.325, 0.325, 0.325]
		},
		"head": {
			"rotation": [0, 180, 0],
			"translation": [0, 13, 7]
		},
		"fixed": {
			"rotation": [-90, 0, 0],
			"translation": [0, -6.5, -30],
			"scale": [2, 2, 2]
		}
	}
}