{
	"credit": "Made with Blockbench",
	"texture_size": [32, 32],
	"textures": {
		"0": "custom/decor/tables/table1",
		"1": "custom/decor/tables/table1-2",
		"particle": "custom/decor/tables/table1"
	},
	"elements": [
		{
			"name": "world",
			"from": [-8, 0, -8],
			"to": [-6, 9, -6],
			"rotation": {"angle": 0, "axis": "y", "origin": [7, 11, 6]},
			"faces": {
				"north": {"uv": [4.25, 1.5, 4.5, 2.625], "texture": "#0"},
				"east": {"uv": [4.25, 2.625, 4.5, 3.75], "texture": "#0"},
				"south": {"uv": [4.25, 3.75, 4.5, 4.875], "texture": "#0"},
				"west": {"uv": [4.5, 1.5, 4.75, 2.625], "texture": "#0"},
				"up": {"uv": [5.5, 1.75, 5.25, 1.5], "texture": "#0"},
				"down": {"uv": [5.5, 1.75, 5.25, 2], "texture": "#0"}
			}
		},
		{
			"name": "world",
			"from": [22, 0, -8],
			"to": [24, 9, -6],
			"rotation": {"angle": 0, "axis": "y", "origin": [7, 11, 6]},
			"faces": {
				"north": {"uv": [4.5, 2.625, 4.75, 3.75], "texture": "#0"},
				"east": {"uv": [4.5, 3.75, 4.75, 4.875], "texture": "#0"},
				"south": {"uv": [4.75, 1.5, 5, 2.625], "texture": "#0"},
				"west": {"uv": [4.75, 2.625, 5, 3.75], "texture": "#0"},
				"up": {"uv": [5.5, 2.25, 5.25, 2], "texture": "#0"},
				"down": {"uv": [5.5, 2.25, 5.25, 2.5], "texture": "#0"}
			}
		},
		{
			"name": "world",
			"from": [-8, 0, 22],
			"to": [-6, 9, 24],
			"rotation": {"angle": 0, "axis": "y", "origin": [7, 11, 6]},
			"faces": {
				"north": {"uv": [4.75, 3.75, 5, 4.875], "texture": "#0"},
				"east": {"uv": [4.25, 4.875, 4.5, 6], "texture": "#0"},
				"south": {"uv": [4.5, 4.875, 4.75, 6], "texture": "#0"},
				"west": {"uv": [4.75, 4.875, 5, 6], "texture": "#0"},
				"up": {"uv": [5.5, 2.75, 5.25, 2.5], "texture": "#0"},
				"down": {"uv": [5.5, 2.75, 5.25, 3], "texture": "#0"}
			}
		},
		{
			"name": "world",
			"from": [22, 0, 22],
			"to": [24, 9, 24],
			"rotation": {"angle": 0, "axis": "y", "origin": [7, 11, 6]},
			"faces": {
				"north": {"uv": [5, 1.5, 5.25, 2.625], "texture": "#0"},
				"east": {"uv": [5, 2.625, 5.25, 3.75], "texture": "#0"},
				"south": {"uv": [5, 3.75, 5.25, 4.875], "texture": "#0"},
				"west": {"uv": [5, 4.875, 5.25, 6], "texture": "#0"},
				"up": {"uv": [5.5, 3.25, 5.25, 3], "texture": "#0"},
				"down": {"uv": [5.5, 3.25, 5.25, 3.5], "texture": "#0"}
			}
		},
		{
			"from": [-9, 9, -9],
			"to": [25, 12, 25],
			"faces": {
				"north": {"uv": [4.25, 0, 8.5, 0.375], "texture": "#0"},
				"east": {"uv": [4.25, 0.375, 8.5, 0.75], "texture": "#0"},
				"south": {"uv": [4.25, 0.75, 8.5, 1.125], "texture": "#0"},
				"west": {"uv": [4.25, 1.125, 8.5, 1.5], "texture": "#0"},
				"up": {"uv": [4.25, 4.25, 0, 0], "texture": "#0"},
				"down": {"uv": [4.25, 4.25, 0, 8.5], "texture": "#0"}
			}
		},
		{
			"from": [-7, 9.1, -7],
			"to": [22, 12, -6],
			"faces": {
				"north": {"uv": [0, 0, 14.5, 1.5], "texture": "#1"},
				"east": {"uv": [0, 4, 0.5, 5.5], "texture": "#1"},
				"south": {"uv": [0, 1.5, 14.5, 3], "texture": "#1"},
				"west": {"uv": [0.5, 4, 1, 5.5], "texture": "#1"},
				"up": {"uv": [14.5, 3.5, 0, 3], "texture": "#1"},
				"down": {"uv": [14.5, 3.5, 0, 4], "texture": "#1"}
			}
		},
		{
			"from": [-5.98629, 9.1, 22],
			"to": [23.01371, 12, 23],
			"rotation": {"angle": 0, "axis": "y", "origin": [5, 11, 10]},
			"faces": {
				"north": {"uv": [0, 13, 14.5, 14.5], "texture": "#1"},
				"east": {"uv": [0.5, 4, 1, 5.5], "texture": "#1"},
				"south": {"uv": [0, 0, 14.5, 1.5], "texture": "#1"},
				"west": {"uv": [0, 4, 0.5, 5.5], "texture": "#1"},
				"up": {"uv": [14.5, 3.5, 0, 3], "rotation": 180, "texture": "#1"},
				"down": {"uv": [14.5, 3.5, 0, 4], "rotation": 180, "texture": "#1"}
			}
		},
		{
			"from": [22, 9.1, -7],
			"to": [23, 12, 22],
			"faces": {
				"north": {"uv": [0.5, 4, 1, 5.5], "texture": "#1"},
				"east": {"uv": [0, 0, 14.5, 1.5], "texture": "#1"},
				"south": {"uv": [0, 4, 0.5, 5.5], "texture": "#1"},
				"west": {"uv": [0, 14.5, 14.5, 16], "texture": "#1"},
				"up": {"uv": [14.5, 3.5, 0, 3], "rotation": 90, "texture": "#1"},
				"down": {"uv": [14.5, 3.5, 0, 4], "rotation": 270, "texture": "#1"}
			}
		}
	],
	"display": {
		"fixed": {
			"rotation": [-90, 0, 0],
			"translation": [-16, 16, -16],
			"scale": [2, 2, 2]
		}
	}
}