{
	"credit": "Made with Blockbench",
	"parent": "item/generated",
	"textures": {
		"layer0": "item/crossbow_standby"
	},
	"overrides": [
		{
			"predicate": {
				"pulling": 1
			},
			"model": "item/crossbow_pulling_0"
		},
		{
			"predicate": {
				"pulling": 1,
				"pull": 0.58
			},
			"model": "item/crossbow_pulling_1"
		},
		{
			"predicate": {
				"pulling": 1,
				"pull": 1
			},
			"model": "item/crossbow_pulling_2"
		},
		{
			"predicate": {
				"charged": 1
			},
			"model": "item/crossbow_arrow"
		},
		{
			"predicate": {
				"charged": 1,
				"firework": 1
			},
			"model": "item/crossbow_firework"
		}
	],
	"display": {
		"thirdperson_righthand": {
			"rotation": [0, -90, 55],
			"translation": [0, 4, 0.5],
			"scale": [0.85, 0.85, 0.85]
		},
		"thirdperson_lefthand": {
			"rotation": [0, 90, -55],
			"translation": [0, 4, 0.5],
			"scale": [0.85, 0.85, 0.85]
		},
		"firstperson_righthand": {
			"rotation": [0, -90, 25],
			"translation": [1.13, 3.2, 1.13],
			"scale": [0.68, 0.68, 0.68]
		},
		"firstperson_lefthand": {
			"rotation": [0, 90, -25],
			"translation": [1.13, 3.2, 1.13],
			"scale": [0.68, 0.68, 0.68]
		}
	}
}