{
    "overrides":
    [
        {"model":"custom/invisible","predicate":{"custom_model_data":1}},
        {"model":"custom/camera/camera","predicate":{"custom_model_data":128}},
        {"model":"custom/mask","predicate":{"custom_model_data":256}},
        {"model":"custom/body","predicate":{"custom_model_data":272}},
        {"model":"custom/black","predicate":{"custom_model_data":288}},
        {"model":"custom/black_opening","predicate":{"custom_model_data":289}},
        {"model":"custom/logo","predicate":{"custom_model_data":304}},
        {"model":"custom/switch_box","predicate":{"custom_model_data":320}},
        {"model":"custom/switch_box_open","predicate":{"custom_model_data":321}},
        {"model":"custom/lighting_config","predicate":{"custom_model_data":336}},
        {"model":"custom/footprint","predicate":{"custom_model_data":352}},
        {"model":"custom/footprint2","predicate":{"custom_model_data":353}},
        {"model":"custom/roles/murderer","predicate":{"custom_model_data":368}},
        {"model":"custom/coin","predicate":{"custom_model_data":384}},
        {"model":"custom/decorations/bearhead","predicate":{"custom_model_data":400}},
        {"model":"custom/decorations/deerhead","predicate":{"custom_model_data":401}},
        {"model":"custom/decorations/bearhead_offset","predicate":{"custom_model_data":402}},
        {"model":"custom/decorations/owl_taxi","predicate":{"custom_model_data":403}},
        {"model":"custom/decorations/pedestal","predicate":{"custom_model_data":416}},

        {"model":"custom/statues/innocent1","predicate":{"custom_model_data":432}},
        {"model":"custom/decorations/pedestal","predicate":{"custom_model_data":433}},
        {"model":"custom/decorations/pedestal","predicate":{"custom_model_data":434}},

        {"model":"custom/decorations/painting/2x3/9","predicate":{"custom_model_data":442}},
        {"model":"custom/decorations/painting/2x3/8","predicate":{"custom_model_data":443}},
        {"model":"custom/decorations/painting/3x3/blank","predicate":{"custom_model_data":444}},
        {"model":"custom/decorations/painting/3x3/6","predicate":{"custom_model_data":445}},
        {"model":"custom/decorations/painting/3x2/2-offset","predicate":{"custom_model_data":446}},
        {"model":"custom/decorations/painting/3x3/3-offset","predicate":{"custom_model_data":447}},
        {"model":"custom/decorations/painting/3x2/1","predicate":{"custom_model_data":448}},
        {"model":"custom/decorations/painting/3x2/2","predicate":{"custom_model_data":449}},
        {"model":"custom/decorations/painting/2x3/1","predicate":{"custom_model_data":450}},
        {"model":"custom/decorations/painting/3x3/1","predicate":{"custom_model_data":451}},
        {"model":"custom/decorations/painting/3x3/2","predicate":{"custom_model_data":452}},
        {"model":"custom/decorations/painting/3x3/3","predicate":{"custom_model_data":453}},
        {"model":"custom/decorations/painting/2x3/2","predicate":{"custom_model_data":454}},
        {"model":"custom/decorations/painting/2x3/1_center","predicate":{"custom_model_data":455}},
        {"model":"custom/decorations/painting/2x3/3","predicate":{"custom_model_data":456}},
        {"model":"custom/decorations/painting/3x3/4","predicate":{"custom_model_data":457}},
        {"model":"custom/decorations/painting/2x3/4","predicate":{"custom_model_data":458}},
        {"model":"custom/decorations/painting/2x3/5","predicate":{"custom_model_data":459}},
        {"model":"custom/decorations/painting/3x3/5","predicate":{"custom_model_data":460}},
        {"model":"custom/decorations/painting/2x3/6","predicate":{"custom_model_data":461}},
        {"model":"custom/decorations/painting/2x3/7","predicate":{"custom_model_data":462}},
        {"model":"custom/decorations/painting/2x3/4-offset","predicate":{"custom_model_data":463}},
        {
            "model": "builder:item/decorations/couch/red",
            "predicate": {
                "custom_model_data": 464
            }
        },
        {"model":"custom/armor_suit","predicate":{"custom_model_data":465}},
        {"model":"custom/decorations/chairs/comfy","predicate":{"custom_model_data":466}},
        {"model":"custom/decorations/painting/mini/astraplays","predicate":{"custom_model_data":481}},
        {"model":"custom/decorations/painting/team/astra_bret","predicate":{"custom_model_data":482}},
        {"model":"custom/decorations/painting/team/derutaz","predicate":{"custom_model_data":483}},
        {"model":"custom/decorations/painting/team/lexlim","predicate":{"custom_model_data":484}},
        {"model":"custom/decorations/painting/team/whale","predicate":{"custom_model_data":485}},
        {"model":"custom/decorations/painting/team/astra_bret1-1","predicate":{"custom_model_data":486}},
        {"model":"custom/decorations/painting/team/astra_bret1-2","predicate":{"custom_model_data":487}},
        {"model":"lunar:entity/owl/owl","predicate":{"custom_model_data":503}},
        {"model":"custom/decorations/random/grandfather_clock","predicate":{"custom_model_data":519}},
        {"model":"custom/decorations/book/lunar_book","predicate":{"custom_model_data":520}},
        {"model":"custom/shelf_holder","predicate":{"custom_model_data":521}},
        {"model":"custom/shelf_holder_1x1","predicate":{"custom_model_data":522}},
        {"model":"custom/shelf_holder_corner","predicate":{"custom_model_data":523}},
        {"model":"custom/mask_prop","predicate":{"custom_model_data":539}},
        {"model":"custom/settings/mc_settings_box1","predicate":{"custom_model_data":555}},
        {"model":"custom/settings/mc_settings_box2","predicate":{"custom_model_data":556}},
        {"model":"custom/settings/mc_settings_box3","predicate":{"custom_model_data":557}},
        {"model":"custom/settings/sd_settings_box1","predicate":{"custom_model_data":558}},
        {"model":"custom/settings/sd_settings_box2","predicate":{"custom_model_data":559}},
        {"model":"custom/settings/rl_settings_box10","predicate":{"custom_model_data":560}},
        {"model":"custom/settings/rl_settings_box15","predicate":{"custom_model_data":561}},
        {"model":"custom/settings/rl_settings_box20","predicate":{"custom_model_data":562}},
        {"model":"custom/settings/rl_settings_box_infinite","predicate":{"custom_model_data":563}},
        {"model":"custom/ready_up_border","predicate":{"custom_model_data": 579}},
        {"model":"custom/ready_up_border_corner","predicate":{"custom_model_data": 580}},
        {"model":"custom/ready_up_border_join","predicate":{"custom_model_data": 581}},
        {"model":"custom/decorations/plush/creeperz","predicate":{"custom_model_data": 582}}
    ],
    "parent":"item/generated","textures":{"layer0":"item/paper"}
}