{
	"credit": "Made with Blockbench",
	"parent": "minecraft:item/template_skull",
	"elements": [
		{
			"from": [4, 0, 4],
			"to": [12, 8, 12],
			"color": 0,
			"faces": {
				"north": {"uv": [0, 0, 8, 8], "texture": "#missing"},
				"east": {"uv": [0, 0, 8, 8], "texture": "#missing"},
				"south": {"uv": [0, 0, 8, 8], "texture": "#missing"},
				"west": {"uv": [0, 0, 8, 8], "texture": "#missing"},
				"up": {"uv": [0, 0, 8, 8], "texture": "#missing"},
				"down": {"uv": [0, 0, 8, 8], "texture": "#missing"}
			}
		}
	],
	"display": {
		"thirdperson_righthand": {
			"rotation": [-90, 0, 0]
		},
		"head": {
			"scale": [0.75, 0.75, 0.75]
		},
		"fixed": {
			"rotation": [-90, 0, 0],
			"translation": [0, 0, -16],
			"scale": [2, 2, 2]
		}
	}
}