{
	"credit": "Made with Blockbench",
	"texture_size": [64, 64],
	"textures": {
		"0": "lunar:villager",
		"particle": "lunar:villager"
	},
	"elements": [
		{
			"name": "head",
			"from": [4, 0.6, 4],
			"to": [12, 10.6, 12],
			"faces": {
				"north": {"uv": [2, 2, 4, 4.5], "texture": "#0"},
				"east": {"uv": [0, 2, 2, 4.5], "texture": "#0"},
				"south": {"uv": [6, 2, 8, 4.5], "texture": "#0"},
				"west": {"uv": [4, 2, 6, 4.5], "texture": "#0"},
				"up": {"uv": [4, 2, 2, 0], "texture": "#0"},
				"down": {"uv": [6, 0, 4, 2], "texture": "#0"}
			}
		},
		{
			"name": "nose",
			"from": [7, -0.4, 2],
			"to": [9, 3.6, 4],
			"faces": {
				"north": {"uv": [6.5, 0.5, 7, 1.5], "texture": "#0"},
				"east": {"uv": [6, 0.5, 6.5, 1.5], "texture": "#0"},
				"south": {"uv": [7.5, 0.5, 8, 1.5], "texture": "#0"},
				"west": {"uv": [7, 0.5, 7.5, 1.5], "texture": "#0"},
				"up": {"uv": [7, 0.5, 6.5, 0], "texture": "#0"},
				"down": {"uv": [7.5, 0, 7, 0.5], "texture": "#0"}
			}
		},
		{
			"name": "headwear",
			"from": [3.5, 0.1, 3.5],
			"to": [12.5, 11.1, 12.5],
			"faces": {
				"north": {"uv": [10, 2, 12, 4.5], "texture": "#0"},
				"east": {"uv": [8, 2, 10, 4.5], "texture": "#0"},
				"south": {"uv": [14, 2, 16, 4.5], "texture": "#0"},
				"west": {"uv": [12, 2, 14, 4.5], "texture": "#0"},
				"up": {"uv": [12, 2, 10, 0], "texture": "#0"},
				"down": {"uv": [14, 0, 12, 2], "texture": "#0"}
			}
		},
		{
			"name": "headwear2",
			"from": [0, 6.6, 0],
			"to": [16, 7.6, 16],
			"faces": {
				"north": {"uv": [4, 15.75, 8, 16], "rotation": 180, "texture": "#0"},
				"east": {"uv": [0, 15.75, 4, 16], "rotation": 270, "texture": "#0"},
				"south": {"uv": [12, 15.75, 16, 16], "texture": "#0"},
				"west": {"uv": [8, 15.75, 12, 16], "rotation": 90, "texture": "#0"},
				"up": {"uv": [8, 15.75, 4, 11.75], "rotation": 180, "texture": "#0"},
				"down": {"uv": [12, 11.75, 8, 15.75], "texture": "#0"}
			}
		}
	],
	"display": {
		"head": {
			"translation": [0, 5.4, 0],
			"scale": [1.6, 1.6, 1.6]
		}
	},
	"groups": [
		{
			"name": "head",
			"origin": [0, 24, 0],
			"color": 0,
			"nbt": "{}",
			"armAnimationEnabled": false,
			"children": [
				0,
				{
					"name": "nose",
					"origin": [0, 26, 0],
					"color": 0,
					"nbt": "{}",
					"armAnimationEnabled": false,
					"children": [1]
				},
				{
					"name": "headwear",
					"origin": [0, 24, 0],
					"color": 0,
					"nbt": "{}",
					"armAnimationEnabled": false,
					"children": [2]
				},
				{
					"name": "headwear2",
					"origin": [0, 24, 0],
					"color": 0,
					"nbt": "{}",
					"armAnimationEnabled": false,
					"children": [3]
				}
			]
		}
	]
}