{
	"credit": "Made with Blockbench",
	"textures": {
		"1": "custom/decor/tools/bow"
	},
	"elements": [
		{
			"name": "bow_0",
			"from": [11, 0, 1],
			"to": [15, 1, 4],
			"faces": {
				"north": {"uv": [15, 1, 11, 2], "texture": "#1"},
				"east": {"uv": [14, 1, 15, 4], "rotation": 90, "texture": "#1"},
				"south": {"uv": [11, 3, 15, 4], "texture": "#1"},
				"west": {"uv": [11, 1, 12, 4], "rotation": 270, "texture": "#1"},
				"up": {"uv": [11, 1, 15, 4], "texture": "#1"},
				"down": {"uv": [11, 4, 15, 1], "texture": "#1"}
			}
		},
		{
			"name": "bow_1",
			"from": [8, 0, 2],
			"to": [11, 1, 5],
			"faces": {
				"north": {"uv": [11, 2, 8, 3], "texture": "#1"},
				"east": {"uv": [10, 2, 11, 5], "rotation": 90, "texture": "#1"},
				"south": {"uv": [8, 4, 11, 5], "texture": "#1"},
				"west": {"uv": [8, 2, 9, 5], "rotation": 270, "texture": "#1"},
				"up": {"uv": [8, 2, 11, 5], "texture": "#1"},
				"down": {"uv": [8, 5, 11, 2], "texture": "#1"}
			}
		},
		{
			"name": "bow_2",
			"from": [15, 0, 2],
			"to": [16, 1, 3],
			"faces": {
				"north": {"uv": [16, 2, 15, 3], "texture": "#1"},
				"east": {"uv": [15, 2, 16, 3], "rotation": 90, "texture": "#1"},
				"south": {"uv": [15, 2, 16, 3], "texture": "#1"},
				"west": {"uv": [15, 2, 16, 3], "rotation": 270, "texture": "#1"},
				"up": {"uv": [15, 2, 16, 3], "texture": "#1"},
				"down": {"uv": [15, 3, 16, 2], "texture": "#1"}
			}
		},
		{
			"name": "bow_3",
			"from": [6, 0, 3],
			"to": [8, 1, 6],
			"faces": {
				"north": {"uv": [8, 3, 6, 4], "texture": "#1"},
				"east": {"uv": [7, 3, 8, 6], "rotation": 90, "texture": "#1"},
				"south": {"uv": [6, 5, 8, 6], "texture": "#1"},
				"west": {"uv": [6, 3, 7, 6], "rotation": 270, "texture": "#1"},
				"up": {"uv": [6, 3, 8, 6], "texture": "#1"},
				"down": {"uv": [6, 6, 8, 3], "texture": "#1"}
			}
		},
		{
			"name": "bow_4",
			"from": [5, 0, 4],
			"to": [6, 1, 8],
			"faces": {
				"north": {"uv": [6, 4, 5, 5], "texture": "#1"},
				"east": {"uv": [5, 4, 6, 8], "rotation": 90, "texture": "#1"},
				"south": {"uv": [5, 7, 6, 8], "texture": "#1"},
				"west": {"uv": [5, 4, 6, 8], "rotation": 270, "texture": "#1"},
				"up": {"uv": [5, 4, 6, 8], "texture": "#1"},
				"down": {"uv": [5, 8, 6, 4], "texture": "#1"}
			}
		},
		{
			"name": "bow_5",
			"from": [13, 0, 4],
			"to": [14, 1, 5],
			"faces": {
				"north": {"uv": [14, 4, 13, 5], "texture": "#1"},
				"east": {"uv": [13, 4, 14, 5], "rotation": 90, "texture": "#1"},
				"south": {"uv": [13, 4, 14, 5], "texture": "#1"},
				"west": {"uv": [13, 4, 14, 5], "rotation": 270, "texture": "#1"},
				"up": {"uv": [13, 4, 14, 5], "texture": "#1"},
				"down": {"uv": [13, 5, 14, 4], "texture": "#1"}
			}
		},
		{
			"name": "bow_6",
			"from": [4, 0, 5],
			"to": [5, 1, 11],
			"faces": {
				"north": {"uv": [5, 5, 4, 6], "texture": "#1"},
				"east": {"uv": [4, 5, 5, 11], "rotation": 90, "texture": "#1"},
				"south": {"uv": [4, 10, 5, 11], "texture": "#1"},
				"west": {"uv": [4, 5, 5, 11], "rotation": 270, "texture": "#1"},
				"up": {"uv": [4, 5, 5, 11], "texture": "#1"},
				"down": {"uv": [4, 11, 5, 5], "texture": "#1"}
			}
		},
		{
			"name": "bow_7",
			"from": [12, 0, 5],
			"to": [13, 1, 6],
			"faces": {
				"north": {"uv": [13, 5, 12, 6], "texture": "#1"},
				"east": {"uv": [12, 5, 13, 6], "rotation": 90, "texture": "#1"},
				"south": {"uv": [12, 5, 13, 6], "texture": "#1"},
				"west": {"uv": [12, 5, 13, 6], "rotation": 270, "texture": "#1"},
				"up": {"uv": [12, 5, 13, 6], "texture": "#1"},
				"down": {"uv": [12, 6, 13, 5], "texture": "#1"}
			}
		},
		{
			"name": "bow_8",
			"from": [3, 0, 6],
			"to": [4, 1, 15],
			"faces": {
				"north": {"uv": [4, 6, 3, 7], "texture": "#1"},
				"east": {"uv": [3, 6, 4, 15], "rotation": 90, "texture": "#1"},
				"south": {"uv": [3, 14, 4, 15], "texture": "#1"},
				"west": {"uv": [3, 6, 4, 15], "rotation": 270, "texture": "#1"},
				"up": {"uv": [3, 6, 4, 15], "texture": "#1"},
				"down": {"uv": [3, 15, 4, 6], "texture": "#1"}
			}
		},
		{
			"name": "bow_9",
			"from": [6, 0, 6],
			"to": [7, 1, 7],
			"faces": {
				"north": {"uv": [7, 6, 6, 7], "texture": "#1"},
				"east": {"uv": [6, 6, 7, 7], "rotation": 90, "texture": "#1"},
				"south": {"uv": [6, 6, 7, 7], "texture": "#1"},
				"west": {"uv": [6, 6, 7, 7], "rotation": 270, "texture": "#1"},
				"up": {"uv": [6, 6, 7, 7], "texture": "#1"},
				"down": {"uv": [6, 7, 7, 6], "texture": "#1"}
			}
		},
		{
			"name": "bow_10",
			"from": [11, 0, 6],
			"to": [12, 1, 7],
			"faces": {
				"north": {"uv": [12, 6, 11, 7], "texture": "#1"},
				"east": {"uv": [11, 6, 12, 7], "rotation": 90, "texture": "#1"},
				"south": {"uv": [11, 6, 12, 7], "texture": "#1"},
				"west": {"uv": [11, 6, 12, 7], "rotation": 270, "texture": "#1"},
				"up": {"uv": [11, 6, 12, 7], "texture": "#1"},
				"down": {"uv": [11, 7, 12, 6], "texture": "#1"}
			}
		},
		{
			"name": "bow_11",
			"from": [10, 0, 7],
			"to": [11, 1, 8],
			"faces": {
				"north": {"uv": [11, 7, 10, 8], "texture": "#1"},
				"east": {"uv": [10, 7, 11, 8], "rotation": 90, "texture": "#1"},
				"south": {"uv": [10, 7, 11, 8], "texture": "#1"},
				"west": {"uv": [10, 7, 11, 8], "rotation": 270, "texture": "#1"},
				"up": {"uv": [10, 7, 11, 8], "texture": "#1"},
				"down": {"uv": [10, 8, 11, 7], "texture": "#1"}
			}
		},
		{
			"name": "bow_12",
			"from": [2, 0, 8],
			"to": [3, 1, 16],
			"faces": {
				"north": {"uv": [3, 8, 2, 9], "texture": "#1"},
				"east": {"uv": [2, 8, 3, 16], "rotation": 90, "texture": "#1"},
				"south": {"uv": [2, 15, 3, 16], "texture": "#1"},
				"west": {"uv": [2, 8, 3, 16], "rotation": 270, "texture": "#1"},
				"up": {"uv": [2, 8, 3, 16], "texture": "#1"},
				"down": {"uv": [2, 16, 3, 8], "texture": "#1"}
			}
		},
		{
			"name": "bow_13",
			"from": [9, 0, 8],
			"to": [10, 1, 9],
			"faces": {
				"north": {"uv": [10, 8, 9, 9], "texture": "#1"},
				"east": {"uv": [9, 8, 10, 9], "rotation": 90, "texture": "#1"},
				"south": {"uv": [9, 8, 10, 9], "texture": "#1"},
				"west": {"uv": [9, 8, 10, 9], "rotation": 270, "texture": "#1"},
				"up": {"uv": [9, 8, 10, 9], "texture": "#1"},
				"down": {"uv": [9, 9, 10, 8], "texture": "#1"}
			}
		},
		{
			"name": "bow_14",
			"from": [8, 0, 9],
			"to": [9, 1, 10],
			"faces": {
				"north": {"uv": [9, 9, 8, 10], "texture": "#1"},
				"east": {"uv": [8, 9, 9, 10], "rotation": 90, "texture": "#1"},
				"south": {"uv": [8, 9, 9, 10], "texture": "#1"},
				"west": {"uv": [8, 9, 9, 10], "rotation": 270, "texture": "#1"},
				"up": {"uv": [8, 9, 9, 10], "texture": "#1"},
				"down": {"uv": [8, 10, 9, 9], "texture": "#1"}
			}
		},
		{
			"name": "bow_15",
			"from": [7, 0, 10],
			"to": [8, 1, 11],
			"faces": {
				"north": {"uv": [8, 10, 7, 11], "texture": "#1"},
				"east": {"uv": [7, 10, 8, 11], "rotation": 90, "texture": "#1"},
				"south": {"uv": [7, 10, 8, 11], "texture": "#1"},
				"west": {"uv": [7, 10, 8, 11], "rotation": 270, "texture": "#1"},
				"up": {"uv": [7, 10, 8, 11], "texture": "#1"},
				"down": {"uv": [7, 11, 8, 10], "texture": "#1"}
			}
		},
		{
			"name": "bow_16",
			"from": [1, 0, 11],
			"to": [2, 1, 15],
			"faces": {
				"north": {"uv": [2, 11, 1, 12], "texture": "#1"},
				"east": {"uv": [1, 11, 2, 15], "rotation": 90, "texture": "#1"},
				"south": {"uv": [1, 14, 2, 15], "texture": "#1"},
				"west": {"uv": [1, 11, 2, 15], "rotation": 270, "texture": "#1"},
				"up": {"uv": [1, 11, 2, 15], "texture": "#1"},
				"down": {"uv": [1, 15, 2, 11], "texture": "#1"}
			}
		},
		{
			"name": "bow_17",
			"from": [6, 0, 11],
			"to": [7, 1, 12],
			"faces": {
				"north": {"uv": [7, 11, 6, 12], "texture": "#1"},
				"east": {"uv": [6, 11, 7, 12], "rotation": 90, "texture": "#1"},
				"south": {"uv": [6, 11, 7, 12], "texture": "#1"},
				"west": {"uv": [6, 11, 7, 12], "rotation": 270, "texture": "#1"},
				"up": {"uv": [6, 11, 7, 12], "texture": "#1"},
				"down": {"uv": [6, 12, 7, 11], "texture": "#1"}
			}
		},
		{
			"name": "bow_18",
			"from": [5, 0, 12],
			"to": [6, 1, 13],
			"faces": {
				"north": {"uv": [6, 12, 5, 13], "texture": "#1"},
				"east": {"uv": [5, 12, 6, 13], "rotation": 90, "texture": "#1"},
				"south": {"uv": [5, 12, 6, 13], "texture": "#1"},
				"west": {"uv": [5, 12, 6, 13], "rotation": 270, "texture": "#1"},
				"up": {"uv": [5, 12, 6, 13], "texture": "#1"},
				"down": {"uv": [5, 13, 6, 12], "texture": "#1"}
			}
		},
		{
			"name": "bow_19",
			"from": [4, 0, 13],
			"to": [5, 1, 14],
			"faces": {
				"north": {"uv": [5, 13, 4, 14], "texture": "#1"},
				"east": {"uv": [4, 13, 5, 14], "rotation": 90, "texture": "#1"},
				"south": {"uv": [4, 13, 5, 14], "texture": "#1"},
				"west": {"uv": [4, 13, 5, 14], "rotation": 270, "texture": "#1"},
				"up": {"uv": [4, 13, 5, 14], "texture": "#1"},
				"down": {"uv": [4, 14, 5, 13], "texture": "#1"}
			}
		}
	],
	"display": {
		"thirdperson_righthand": {
			"rotation": [50, 0, 90],
			"translation": [-7, 0.25, 0]
		},
		"thirdperson_lefthand": {
			"rotation": [50, 0, 90],
			"translation": [-7, 0.25, 0]
		},
		"ground": {
			"translation": [0, 9.25, 0]
		},
		"gui": {
			"rotation": [114, 0, 46.25],
			"translation": [-6.5, -2.5, 0],
			"scale": [1.2, 1.2, 1.2]
		},
		"fixed": {
			"rotation": [90, 0, 0],
			"translation": [0, 0, 14],
			"scale": [2, 2, 2]
		}
	},
	"groups": [
		{
			"name": "bow",
			"origin": [8, 8, 8],
			"color": 0,
			"children": [0, 1, 2, 3, 4, 5, 6, 7, 8, 9, 10, 11, 12, 13, 14, 15, 16, 17, 18, 19]
		}
	]
}