{
	"credit": "Made with Blockbench",
	"texture_size": [64, 64],
	"textures": {
		"0": "builder:decor/random/bucket",
		"particle": "builder:decor/random/bucket"
	},
	"elements": [
		{
			"from": [2, 0, 2],
			"to": [14, 1, 14],
			"faces": {
				"north": {"uv": [11, 9.75, 14, 10], "texture": "#0"},
				"east": {"uv": [11, 9.75, 14, 10], "texture": "#0"},
				"south": {"uv": [11, 9.75, 14, 10], "texture": "#0"},
				"west": {"uv": [11, 9.75, 14, 10], "texture": "#0"},
				"up": {"uv": [9, 6, 6, 3], "texture": "#0"},
				"down": {"uv": [9, 3, 6, 6], "texture": "#0"}
			}
		},
		{
			"from": [2, 1, 13],
			"to": [14, 14, 14],
			"faces": {
				"north": {"uv": [0, 2.5, 3, 5.75], "texture": "#0"},
				"east": {"uv": [0, 3.25, 0.25, 6.5], "texture": "#0"},
				"south": {"uv": [0, 3.25, 3, 6.5], "texture": "#0"},
				"west": {"uv": [2.75, 3.25, 3, 6.5], "texture": "#0"},
				"up": {"uv": [4.75, 11.5, 1.75, 11.25], "texture": "#0"},
				"down": {"uv": [7.75, 11.25, 4.75, 11.5], "texture": "#0"}
			}
		},
		{
			"from": [2, 1, 2],
			"to": [14, 14, 3],
			"faces": {
				"north": {"uv": [0, 3.25, 3, 6.5], "texture": "#0"},
				"east": {"uv": [2.75, 3.25, 3, 6.5], "texture": "#0"},
				"south": {"uv": [3, 2.5, 0, 5.75], "texture": "#0"},
				"west": {"uv": [0, 3.25, 0.25, 6.5], "texture": "#0"},
				"up": {"uv": [14.25, 6.75, 11.25, 6.5], "texture": "#0"},
				"down": {"uv": [14.25, 6.75, 11.25, 7], "texture": "#0"}
			}
		},
		{
			"from": [13, 1, 3],
			"to": [14, 14, 13],
			"faces": {
				"north": {"uv": [0.75, 11.25, 1, 14.5], "texture": "#0"},
				"east": {"uv": [2.5, 3.25, 0, 6.5], "texture": "#0"},
				"south": {"uv": [1, 11.25, 1.25, 14.5], "texture": "#0"},
				"west": {"uv": [0, 2.5, 2.5, 5.75], "texture": "#0"},
				"up": {"uv": [5.25, 9, 5, 6.5], "texture": "#0"},
				"down": {"uv": [5.5, 6.5, 5.25, 9], "texture": "#0"}
			}
		},
		{
			"from": [2, 1, 3],
			"to": [3, 14, 13],
			"faces": {
				"north": {"uv": [1.25, 11.25, 1.5, 14.5], "texture": "#0"},
				"east": {"uv": [0, 2.5, 2.5, 5.75], "texture": "#0"},
				"south": {"uv": [1.5, 11.25, 1.75, 14.5], "texture": "#0"},
				"west": {"uv": [0.25, 3.25, 2.75, 6.5], "texture": "#0"},
				"up": {"uv": [5.75, 9, 5.5, 6.5], "texture": "#0"},
				"down": {"uv": [6, 6.5, 5.75, 9], "texture": "#0"}
			}
		},
		{
			"from": [-2.6, 12.1, 1.4],
			"to": [8.4, 14.1, 1.4],
			"rotation": {"angle": 45, "axis": "z", "origin": [8, 14, 8]},
			"faces": {
				"north": {"uv": [2, 9.75, 4.75, 10.25], "texture": "#0"},
				"east": {"uv": [0, 0, 0, 0.5], "texture": "#0"},
				"south": {"uv": [4.75, 10.25, 2, 10.75], "texture": "#0"},
				"west": {"uv": [0, 0, 0, 0.5], "texture": "#0"},
				"up": {"uv": [2.75, 0, 0, 0], "texture": "#0"},
				"down": {"uv": [2.75, 0, 0, 0], "texture": "#0"}
			}
		},
		{
			"from": [-2.6, 12.1, 14.6],
			"to": [8.4, 14.1, 14.6],
			"rotation": {"angle": 45, "axis": "z", "origin": [8, 14, 8]},
			"faces": {
				"north": {"uv": [4.75, 9.75, 2, 10.25], "texture": "#0"},
				"east": {"uv": [0, 0, 0, 0.5], "texture": "#0"},
				"south": {"uv": [2, 9.75, 4.75, 10.25], "texture": "#0"},
				"west": {"uv": [0, 0, 0, 0.5], "texture": "#0"},
				"up": {"uv": [2.75, 0, 0, 0], "texture": "#0"},
				"down": {"uv": [2.75, 0, 0, 0], "texture": "#0"}
			}
		},
		{
			"from": [-2.6, 12.1, 1.4],
			"to": [-2.6, 14.1, 14.6],
			"rotation": {"angle": 45, "axis": "z", "origin": [8, 14, 8]},
			"faces": {
				"north": {"uv": [0, 0, 0, 0.5], "texture": "#0"},
				"east": {"uv": [5.25, 10.75, 8.5, 11.25], "texture": "#0"},
				"south": {"uv": [0, 0, 0, 0.5], "texture": "#0"},
				"west": {"uv": [5.25, 10.75, 8.5, 11.25], "texture": "#0"},
				"up": {"uv": [0, 3.25, 0, 0], "texture": "#0"},
				"down": {"uv": [0, 0, 0, 3.25], "texture": "#0"}
			}
		},
		{
			"from": [1.5, 7.5, 1.5],
			"to": [14.5, 14.5, 3.5],
			"faces": {
				"north": {"uv": [9, 0, 12, 1.5], "texture": "#0"},
				"east": {"uv": [11.5, 0, 12, 1.5], "texture": "#0"},
				"south": {"uv": [3, 4.25, 0, 5.75], "texture": "#0"},
				"west": {"uv": [9, 0, 9.5, 1.5], "texture": "#0"},
				"up": {"uv": [3, 3.75, 0, 3.25], "texture": "#0"},
				"down": {"uv": [14.25, 7.25, 11.25, 7.5], "texture": "#0"}
			}
		},
		{
			"from": [1.5, 7.5, 12.5],
			"to": [14.5, 14.5, 14.5],
			"faces": {
				"north": {"uv": [0, 4.25, 3, 5.75], "texture": "#0"},
				"east": {"uv": [9, 0, 9.5, 1.5], "texture": "#0"},
				"south": {"uv": [9, 0, 12, 1.5], "texture": "#0"},
				"west": {"uv": [11.5, 0, 12, 1.5], "texture": "#0"},
				"up": {"uv": [3, 3.75, 0, 3.25], "texture": "#0"},
				"down": {"uv": [11.25, 7.25, 14.25, 7.5], "texture": "#0"}
			}
		},
		{
			"from": [1.5, 7.5, 3.5],
			"to": [3.5, 14.5, 12.5],
			"faces": {
				"north": {"uv": [2.75, 11.5, 3, 13], "texture": "#0"},
				"east": {"uv": [0.25, 4.25, 2.25, 5.75], "texture": "#0"},
				"south": {"uv": [3, 11.5, 3.25, 13], "texture": "#0"},
				"west": {"uv": [9.5, 0, 11.5, 1.5], "texture": "#0"},
				"up": {"uv": [2.25, 3.75, 0.25, 3.25], "rotation": 90, "texture": "#0"},
				"down": {"uv": [13.75, 7.25, 11.75, 7.5], "rotation": 90, "texture": "#0"}
			}
		},
		{
			"from": [12.5, 7.5, 3.5],
			"to": [14.5, 14.5, 12.5],
			"faces": {
				"north": {"uv": [3.25, 11.5, 3.5, 13], "texture": "#0"},
				"east": {"uv": [9.5, 0, 11.5, 1.5], "texture": "#0"},
				"south": {"uv": [3.5, 11.5, 3.75, 13], "texture": "#0"},
				"west": {"uv": [0.25, 4.25, 2.25, 5.75], "texture": "#0"},
				"up": {"uv": [0.25, 3.75, 2.25, 3.25], "rotation": 90, "texture": "#0"},
				"down": {"uv": [11.75, 7.25, 13.75, 7.5], "rotation": 90, "texture": "#0"}
			}
		}
	],
	"display": {
		"thirdperson_righthand": {
			"rotation": [75, 45, 0],
			"translation": [0, 2.5, 0],
			"scale": [0.375, 0.375, 0.375]
		},
		"thirdperson_lefthand": {
			"rotation": [75, 45, 0],
			"translation": [0, 2.5, 0],
			"scale": [0.375, 0.375, 0.375]
		},
		"firstperson_righthand": {
			"rotation": [0, 45, 0],
			"scale": [0.4, 0.4, 0.4]
		},
		"firstperson_lefthand": {
			"rotation": [0, 225, 0],
			"scale": [0.4, 0.4, 0.4]
		},
		"ground": {
			"translation": [0, 3, 0],
			"scale": [0.5, 0.5, 0.5]
		},
		"gui": {
			"rotation": [30, 225, 0],
			"scale": [0.625, 0.625, 0.625]
		},
		"fixed": {
			"rotation": [-90, 0, 0],
			"translation": [0, 0, -16],
			"scale": [2, 2, 2]
		}
	},
	"groups": [
		0,
		1,
		2,
		3,
		4,
		{
			"name": "group",
			"origin": [0, 0, 0],
			"color": 0,
			"nbt": "{}",
			"armAnimationEnabled": false,
			"children": [5, 6, 7]
		},
		{
			"name": "group",
			"origin": [0, 0, 0],
			"color": 0,
			"nbt": "{}",
			"armAnimationEnabled": false,
			"children": [8, 9, 10, 11]
		}
	]
}