{
	"credit": "Made with Blockbench",
	"parent": "minecraft:block/button",
	"textures": {
		"0": "block/button",
		"1": "block/button_stone",
		"particle": "block/button"
	},
	"elements": [
		{
			"from": [5.5, 0, 5.5],
			"to": [10.5, 3, 10.5],
			"rotation": {"angle": 0, "axis": "y", "origin": [15, 8, 15]},
			"faces": {
				"north": {"uv": [4, 0, 8, 3], "texture": "#0"},
				"east": {"uv": [4, 3, 8, 6], "texture": "#0"},
				"south": {"uv": [4, 6, 8, 9], "texture": "#0"},
				"west": {"uv": [0, 8, 4, 11], "texture": "#0"},
				"up": {"uv": [4, 4, 0, 0], "texture": "#0"},
				"down": {"uv": [4, 4, 0, 8], "texture": "#0"}
			}
		},
		{
			"from": [4.5, 0, 4.5],
			"to": [11.5, 1, 11.5],
			"rotation": {"angle": 0, "axis": "y", "origin": [12, 8, 13]},
			"faces": {
				"north": {"uv": [6, 0, 12, 1], "texture": "#1"},
				"east": {"uv": [6, 1, 12, 2], "texture": "#1"},
				"south": {"uv": [6, 2, 12, 3], "texture": "#1"},
				"west": {"uv": [6, 3, 12, 4], "texture": "#1"},
				"up": {"uv": [6, 6, 0, 0], "texture": "#1"},
				"down": {"uv": [6, 6, 0, 12], "texture": "#1"}
			}
		}
	]
}