{
	"credit": "Made with Blockbench",
	"parent": "minecraft:block/orientable",
	"elements": [
		{
			"from": [1, 0, 0],
			"to": [1, 0, 1],
			"color": 1,
			"faces": {
				"north": {"uv": [0, 0, 0, 0], "texture": "#missing"},
				"east": {"uv": [0, 0, 1, 0], "texture": "#missing"},
				"south": {"uv": [0, 0, 0, 0], "texture": "#missing"},
				"west": {"uv": [0, 0, 1, 0], "texture": "#missing"},
				"up": {"uv": [0, 0, 0, 1], "texture": "#missing"},
				"down": {"uv": [0, 0, 0, 1], "texture": "#missing"}
			}
		}
	]
}