{
	"credit": "Made with Blockbench",
	"parent": "minecraft:block/template_glazed_terracotta",
	"textures": {
		"0": "block/allium",
		"particle": "block/allium"
	},
	"elements": [
		{
			"from": [3.75, -0.25, 5.75],
			"to": [12.25, 8.25, 14.25],
			"rotation": {"angle": 0, "axis": "y", "origin": [12, 8, 13]},
			"faces": {
				"north": {"uv": [2, 2, 4, 4], "texture": "#0"},
				"east": {"uv": [0, 2, 2, 4], "texture": "#0"},
				"south": {"uv": [6, 2, 8, 4], "texture": "#0"},
				"west": {"uv": [4, 2, 6, 4], "texture": "#0"},
				"up": {"uv": [3.75, 2, 2, 0], "texture": "#0"},
				"down": {"uv": [6, 0, 4, 2], "texture": "#0"}
			}
		},
		{
			"from": [4, 0, 5.8],
			"to": [12, 8, 5.8],
			"rotation": {"angle": 0, "axis": "y", "origin": [12, 8, 13]},
			"faces": {
				"north": {"uv": [8.25, 12.5, 10.25, 14.5], "texture": "#0"},
				"east": {"uv": [8.75, 12.75, 10.25, 13], "texture": "#0"},
				"south": {"uv": [6, 2, 8, 4], "texture": "#0"},
				"west": {"uv": [8.5, 12.5, 9.5, 13], "texture": "#0"},
				"up": {"uv": [10, 13.5, 8.5, 12.75], "texture": "#0"},
				"down": {"uv": [9.75, 12.5, 8.25, 13], "texture": "#0"}
			}
		}
	],
	"display": {
		"head": {
			"translation": [0, 7.25, -3.5],
			"scale": [1.7, 1.76, 1.75]
		},
		"fixed": {
			"rotation": [-90, 0, 0],
			"translation": [0, -2, -15.5],
			"scale": [2, 2, 2]
		}
	}
}