{
	"credit": "Made by Bret06 using Blockbench",
	"texture_size": [32, 32],
	"textures": {
		"0": "custom/stripped_spruce_log",
		"1": "custom/cabinet_door",
		"particle": "custom/stripped_spruce_log"
	},
	"elements": [
		{
			"from": [0, 0, 0],
			"to": [16, 16, 16],
			"faces": {
				"north": {"uv": [0, 8, 8, 16], "texture": "#1"},
				"east": {"uv": [0, 0, 8, 8], "texture": "#0"},
				"south": {"uv": [0, 0, 8, 8], "texture": "#0"},
				"west": {"uv": [0, 0, 8, 8], "texture": "#0"},
				"up": {"uv": [0, 0, 8, 8], "texture": "#0"},
				"down": {"uv": [0, 0, 8, 8], "texture": "#0"}
			}
		},
		{
			"from": [0, 16, 0],
			"to": [16, 32, 16],
			"faces": {
				"north": {"uv": [0, 0, 8, 8], "texture": "#1"},
				"east": {"uv": [0, 0, 8, 8], "texture": "#0"},
				"south": {"uv": [0, 0, 8, 8], "texture": "#0"},
				"west": {"uv": [0, 0, 8, 8], "texture": "#0"},
				"up": {"uv": [0, 0, 8, 8], "texture": "#0"},
				"down": {"uv": [0, 0, 8, 8], "texture": "#0"}
			}
		},
		{
			"from": [1, 3, -2],
			"to": [4, 3, 0],
			"faces": {
				"north": {"uv": [0, 8, 1.5, 12], "texture": "#0"},
				"east": {"uv": [12.5, 9.5, 13.5, 13.5], "texture": "#0"},
				"south": {"uv": [11, 2, 12.5, 6], "texture": "#0"},
				"west": {"uv": [6.5, 9, 7.5, 13], "texture": "#0"},
				"up": {"uv": [1.5, 12, 0, 11], "texture": "#0"},
				"down": {"uv": [1.5, 11, 0, 12], "texture": "#0"}
			}
		},
		{
			"from": [1, 11, -2],
			"to": [4, 11, 0],
			"faces": {
				"north": {"uv": [0, 8, 1.5, 12], "texture": "#0"},
				"east": {"uv": [12.5, 9.5, 13.5, 13.5], "texture": "#0"},
				"south": {"uv": [11, 2, 12.5, 6], "texture": "#0"},
				"west": {"uv": [6.5, 9, 7.5, 13], "texture": "#0"},
				"up": {"uv": [1.5, 9, 0, 8], "texture": "#0"},
				"down": {"uv": [1.5, 8, 0, 9], "texture": "#0"}
			}
		},
		{
			"from": [1, 3, -2],
			"to": [4, 11, -2],
			"faces": {
				"north": {"uv": [0, 8, 1.5, 12], "texture": "#0"},
				"east": {"uv": [12.5, 9.5, 13.5, 13.5], "texture": "#0"},
				"south": {"uv": [11, 2, 12.5, 6], "texture": "#0"},
				"west": {"uv": [6.5, 9, 7.5, 13], "texture": "#0"},
				"up": {"uv": [1.5, 9, 0, 8], "texture": "#0"},
				"down": {"uv": [1.5, 11, 0, 12], "texture": "#0"}
			}
		}
	]
}