{
	"credit": "Made by Bret06 using Blockbench",
	"parent": "block/block",
	"textures": {
		"particle": "block/anvil",
		"body": "block/anvil",
		"top": "block/anvil_top"
	},
	"elements": [
		{
			"name": "Anvil top",
			"from": [0, 10, 3],
			"to": [16, 16, 13],
			"rotation": {"angle": 0, "axis": "y", "origin": [8, 13, 8]},
			"faces": {
				"north": {"uv": [10, 0, 16, 16], "rotation": 90, "texture": "#body"},
				"east": {"uv": [3, 0, 13, 6], "texture": "#body"},
				"south": {"uv": [16, 0, 10, 16], "rotation": 270, "texture": "#body"},
				"west": {"uv": [3, 0, 13, 6], "texture": "#body"},
				"up": {"uv": [3, 0, 13, 16], "rotation": 270, "texture": "#top"},
				"down": {"uv": [3, 0, 13, 16], "rotation": 90, "texture": "#body"}
			}
		}
	],
	"display": {
		"fixed": {
			"rotation": [0, 90, 0],
			"scale": [0.5, 0.5, 0.5]
		}
	}
}