{
	"credit": "Made with Blockbench",
	"textures": {
		"particle": "block/soul_sand"
	},
	"elements": [
		{
			"from": [0, 0, 0],
			"to": [8, 8, 8],
			"faces": {
				"north": {"uv": [2, 2, 4, 4], "texture": "#missing"},
				"east": {"uv": [0, 0, 8, 8], "texture": "#missing"},
				"south": {"uv": [0, 0, 8, 8], "texture": "#missing"},
				"west": {"uv": [0, 0, 8, 8], "texture": "#missing"},
				"up": {"uv": [0, 0, 8, 8], "texture": "#missing"},
				"down": {"uv": [0, 0, 8, 8], "texture": "#missing"}
			}
		}
	]
}