{
	"credit": "Made by Bret06 using Blockbench",
	"parent": "minecraft:block/door_bottom_left",
	"texture_size": [128, 128],
	"textures": {
		"0": "custom/decor/closet",
		"particle": "custom/decor/closet"
	},
	"elements": [
		{
			"from": [2, 31.9, -14],
			"to": [16, 31.9, 16],
			"rotation": {"angle": 0, "axis": "y", "origin": [0, 0, 16]},
			"faces": {
				"north": {"uv": [0, 4, 1.75, 8], "texture": "#0"},
				"east": {"uv": [3.75, 0, 7.5, 4], "texture": "#0"},
				"south": {"uv": [0, 4, 1.75, 8], "texture": "#0"},
				"west": {"uv": [0, 0, 3.75, 4], "texture": "#0"},
				"up": {"uv": [7.75, 5.75, 4, 4], "rotation": 270, "texture": "#0"},
				"down": {"uv": [7.75, 4, 4, 5.75], "rotation": 90, "texture": "#0"}
			}
		},
		{
			"from": [2, 0, -13.9],
			"to": [16, 32, -13.9],
			"rotation": {"angle": 0, "axis": "y", "origin": [0, 0, 16]},
			"faces": {
				"north": {"uv": [0, 4, 1.75, 8], "texture": "#0"},
				"east": {"uv": [3.75, 0, 7.5, 4], "texture": "#0"},
				"south": {"uv": [0, 4, 1.75, 8], "texture": "#0"},
				"west": {"uv": [0, 0, 3.75, 4], "texture": "#0"},
				"up": {"uv": [7.75, 5.75, 4, 4], "rotation": 270, "texture": "#0"},
				"down": {"uv": [7.75, 4, 4, 5.75], "rotation": 90, "texture": "#0"}
			}
		},
		{
			"from": [2, 0, 15.9],
			"to": [16, 32, 15.9],
			"rotation": {"angle": 0, "axis": "y", "origin": [0, 0, 16]},
			"faces": {
				"north": {"uv": [0, 4, 1.75, 8], "texture": "#0"},
				"east": {"uv": [3.75, 0, 7.5, 4], "texture": "#0"},
				"south": {"uv": [0, 4, 1.75, 8], "texture": "#0"},
				"west": {"uv": [0, 0, 3.75, 4], "texture": "#0"},
				"up": {"uv": [7.75, 5.75, 4, 4], "rotation": 270, "texture": "#0"},
				"down": {"uv": [7.75, 4, 4, 5.75], "rotation": 90, "texture": "#0"}
			}
		},
		{
			"from": [2, 0.1, -14],
			"to": [16, 0.1, 16],
			"rotation": {"angle": 0, "axis": "y", "origin": [0, 0, 16]},
			"faces": {
				"north": {"uv": [0, 4, 1.75, 8], "texture": "#0"},
				"east": {"uv": [3.75, 0, 7.5, 4], "texture": "#0"},
				"south": {"uv": [0, 4, 1.75, 8], "texture": "#0"},
				"west": {"uv": [0, 0, 3.75, 4], "texture": "#0"},
				"up": {"uv": [7.75, 5.75, 4, 4], "rotation": 270, "texture": "#0"},
				"down": {"uv": [7.75, 4, 4, 5.75], "rotation": 90, "texture": "#0"}
			}
		},
		{
			"from": [2, 0, -14],
			"to": [2, 32, 16],
			"rotation": {"angle": 0, "axis": "y", "origin": [0, 0, 16]},
			"faces": {
				"north": {"uv": [0, 4, 1.75, 8], "texture": "#0"},
				"east": {"uv": [0, 0, 3.75, 4], "texture": "#0"},
				"south": {"uv": [0, 4, 1.75, 8], "texture": "#0"},
				"west": {"uv": [0, 0, 3.75, 4], "texture": "#0"},
				"up": {"uv": [7.75, 5.75, 4, 4], "rotation": 270, "texture": "#0"},
				"down": {"uv": [7.75, 4, 4, 5.75], "rotation": 90, "texture": "#0"}
			}
		},
		{
			"from": [15.9, 0, -14],
			"to": [15.9, 32, 16],
			"rotation": {"angle": 0, "axis": "y", "origin": [0, 0, 16]},
			"faces": {
				"north": {"uv": [0, 4, 1.75, 8], "texture": "#0"},
				"east": {"uv": [3.75, 0, 7.5, 4], "texture": "#0"},
				"south": {"uv": [0, 4, 1.75, 8], "texture": "#0"},
				"west": {"uv": [3.75, 0, 7.5, 4], "texture": "#0"},
				"up": {"uv": [7.75, 5.75, 4, 4], "rotation": 270, "texture": "#0"},
				"down": {"uv": [7.75, 4, 4, 5.75], "rotation": 90, "texture": "#0"}
			}
		},
		{
			"from": [2, 1, 1],
			"to": [3, 31, 15],
			"rotation": {"angle": 0, "axis": "y", "origin": [2.5, 16, 29]},
			"faces": {
				"north": {"uv": [11.75, 0.25, 11.875, 4], "texture": "#0"},
				"east": {"uv": [13.5, 0.25, 11.75, 4], "texture": "#0"},
				"south": {"uv": [13.375, 0.25, 13.5, 4], "texture": "#0"},
				"west": {"uv": [11.75, 0.25, 13.5, 4], "texture": "#0"},
				"up": {"uv": [13.5, 0.375, 11.75, 0.25], "rotation": 270, "texture": "#0"},
				"down": {"uv": [13.5, 3.875, 11.75, 4], "rotation": 90, "texture": "#0"}
			}
		},
		{
			"from": [2, 1, -13],
			"to": [3, 31, 1],
			"rotation": {"angle": 0, "axis": "y", "origin": [2.5, 16, 1]},
			"faces": {
				"north": {"uv": [13.5, 0.25, 13.375, 4], "texture": "#0"},
				"east": {"uv": [11.75, 0.25, 13.5, 4], "texture": "#0"},
				"south": {"uv": [11.875, 0.25, 11.75, 4], "texture": "#0"},
				"west": {"uv": [13.5, 0.25, 11.75, 4], "texture": "#0"},
				"up": {"uv": [11.75, 0.375, 13.5, 0.25], "rotation": 270, "texture": "#0"},
				"down": {"uv": [11.75, 3.875, 13.5, 4], "rotation": 90, "texture": "#0"}
			}
		}
	],
	"groups": [
		{
			"name": "group",
			"origin": [15, 16, 2.5],
			"color": 0,
			"nbt": "{}",
			"armAnimationEnabled": false,
			"children": [0, 1, 2, 3, 4, 5, 6, 7]
		}
	]
}