{
	"credit": "Made by Bret06 using Blockbench",
	"parent": "minecraft:block/door_bottom_left",
	"texture_size": [128, 128],
	"textures": {
		"particle": "custom/decor/closet"
	},
	"elements": [
		{
			"from": [0, 0, 0],
			"to": [0, 0, 0],
			"color": 7,
			"faces": {
				"north": {"uv": [0, 0, 0, 0], "texture": "#missing"},
				"east": {"uv": [0, 0, 0, 0], "texture": "#missing"},
				"south": {"uv": [0, 0, 0, 0], "texture": "#missing"},
				"west": {"uv": [0, 0, 0, 0], "texture": "#missing"},
				"up": {"uv": [0, 0, 0, 0], "texture": "#missing"},
				"down": {"uv": [0, 0, 0, 0], "texture": "#missing"}
			}
		}
	]
}