{
	"credit": "Made by Bret06 using Blockbench",
	"textures": {
		"0": "custom/decor/painting/mini/base",
		"1": "custom/decor/painting/mini/astraplays",
		"particle": "custom/decor/painting/mini/base"
	},
	"elements": [
		{
			"from": [5, 2.5, 5],
			"to": [11, 3.5, 6],
			"rotation": {"angle": 22.5, "axis": "x", "origin": [0, 0, 0]},
			"faces": {
				"north": {"uv": [10, 0, 16, 1], "texture": "#0"},
				"east": {"uv": [10, 8, 11, 9], "texture": "#0"},
				"south": {"uv": [10, 0, 16, 1], "texture": "#0"},
				"west": {"uv": [10, 9, 11, 10], "texture": "#0"},
				"up": {"uv": [16, 1, 10, 0], "texture": "#0"},
				"down": {"uv": [16, 0, 10, 1], "texture": "#0"}
			}
		},
		{
			"from": [5, 10.5, 5],
			"to": [11, 11.5, 6],
			"rotation": {"angle": 22.5, "axis": "x", "origin": [0, 0, 0]},
			"faces": {
				"north": {"uv": [10, 4, 16, 5], "texture": "#0"},
				"east": {"uv": [10, 10, 11, 11], "texture": "#0"},
				"south": {"uv": [10, 4, 16, 5], "texture": "#0"},
				"west": {"uv": [11, 8, 12, 9], "texture": "#0"},
				"up": {"uv": [16, 5, 10, 4], "texture": "#0"},
				"down": {"uv": [16, 4, 10, 5], "texture": "#0"}
			}
		},
		{
			"from": [5, 3.5, 5],
			"to": [6, 10.5, 6],
			"rotation": {"angle": 22.5, "axis": "x", "origin": [0, 0, 0]},
			"faces": {
				"north": {"uv": [8, 0, 9, 7], "texture": "#0"},
				"east": {"uv": [8, 7, 9, 14], "texture": "#0"},
				"south": {"uv": [9, 0, 10, 7], "texture": "#0"},
				"west": {"uv": [9, 7, 10, 14], "texture": "#0"},
				"up": {"uv": [12, 11, 11, 10], "texture": "#0"},
				"down": {"uv": [12, 11, 11, 12], "texture": "#0"}
			}
		},
		{
			"from": [10, 3.5, 5],
			"to": [11, 10.5, 6],
			"rotation": {"angle": 22.5, "axis": "x", "origin": [0, 0, 0]},
			"faces": {
				"north": {"uv": [8, 0, 9, 7], "texture": "#0"},
				"east": {"uv": [8, 7, 9, 14], "texture": "#0"},
				"south": {"uv": [9, 0, 10, 7], "texture": "#0"},
				"west": {"uv": [9, 7, 10, 14], "texture": "#0"},
				"up": {"uv": [12, 11, 11, 10], "texture": "#0"},
				"down": {"uv": [12, 11, 11, 12], "texture": "#0"}
			}
		},
		{
			"name": "canvas",
			"from": [6, 3.5, 6],
			"to": [10, 10.5, 6],
			"rotation": {"angle": 22.5, "axis": "x", "origin": [0, 0, 0]},
			"faces": {
				"north": {"uv": [0, 0, 4, 7], "texture": "#1"},
				"east": {"uv": [0, 0, 0, 7], "texture": "#0"},
				"south": {"uv": [4, 0, 8, 7], "texture": "#0"},
				"west": {"uv": [0, 0, 0, 7], "texture": "#0"},
				"up": {"uv": [4, 0, 0, 0], "texture": "#0"},
				"down": {"uv": [4, 0, 0, 0], "texture": "#0"}
			}
		},
		{
			"name": "stand",
			"from": [7, 0.5, 9.8],
			"to": [9, 6.6, 9.8],
			"rotation": {"angle": -22.5, "axis": "x", "origin": [8, 3.5, 12]},
			"faces": {
				"north": {"uv": [0, 7, 2, 13], "texture": "#0"},
				"east": {"uv": [0, 0, 0, 6], "texture": "#0"},
				"south": {"uv": [2, 7, 4, 13], "texture": "#0"},
				"west": {"uv": [0, 0, 0, 6], "texture": "#0"},
				"up": {"uv": [2, 0, 0, 0], "texture": "#0"},
				"down": {"uv": [2, 0, 0, 0], "texture": "#0"}
			}
		}
	],
	"display": {
		"thirdperson_righthand": {
			"rotation": [75, 45, 0],
			"translation": [0, 2.5, 0],
			"scale": [0.375, 0.375, 0.375]
		},
		"thirdperson_lefthand": {
			"rotation": [75, 45, 0],
			"translation": [0, 2.5, 0],
			"scale": [0.375, 0.375, 0.375]
		},
		"firstperson_righthand": {
			"rotation": [0, 45, 0],
			"scale": [0.4, 0.4, 0.4]
		},
		"firstperson_lefthand": {
			"rotation": [0, 225, 0],
			"scale": [0.4, 0.4, 0.4]
		},
		"ground": {
			"translation": [0, 3, 0],
			"scale": [0.25, 0.25, 0.25]
		},
		"gui": {
			"rotation": [-159.08, 36.29, 175.75],
			"translation": [0, 5.75, 0],
			"scale": [1.6, 1.6, 1.6]
		},
		"fixed": {
			"rotation": [-90, 0, 0],
			"translation": [0, 0, -15.75],
			"scale": [2, 2, 2]
		}
	},
	"groups": [
		{
			"name": "group",
			"origin": [0, 0, 0],
			"color": 0,
			"nbt": "{}",
			"armAnimationEnabled": false,
			"children": [0, 1, 2, 3, 4]
		},
		5
	]
}