{
	"credit": "Made with Blockbench",
	"textures": {
		"2": "custom/ui/roles/murderer2",
		"particle": "custom/perks/murderer/dash_off"
	},
	"elements": [
		{
			"name": "murderer2_0",
			"from": [0, 7.67925, 8.69811],
			"to": [16, 11, 9],
			"faces": {
				"north": {"uv": [1.25, 6.75, 14.5, 9.5], "texture": "#2"},
				"east": {"uv": [0, 0, 0.30189, 16], "texture": "#2"},
				"south": {"uv": [0, 16, 16, 0], "rotation": 180, "texture": "#2"},
				"west": {"uv": [15.69811, 0, 16, 16], "texture": "#2"},
				"up": {"uv": [16, 0, 0, 1.45455], "texture": "#2"},
				"down": {"uv": [0, 14.54545, 16, 16], "rotation": 180, "texture": "#2"}
			}
		}
	],
	"gui_light": "front",
	"display": {
		"thirdperson_righthand": {
			"translation": [0, 3, 1],
			"scale": [0, 0, 0]
		},
		"thirdperson_lefthand": {
			"translation": [0, 3, 1],
			"scale": [0, 0, 0]
		},
		"firstperson_righthand": {
			"translation": [-9.12, 8.2, -1.62],
			"scale": [0, 0, 0]
		},
		"firstperson_lefthand": {
			"translation": [-9.12, 8.2, -1.62],
			"scale": [0, 0, 0]
		},
		"ground": {
			"translation": [0, 2, 0],
			"scale": [0, 0, 0]
		},
		"gui": {
			"rotation": [0, -180, 0],
			"translation": [27, 13.5, 0],
			"scale": [3, 3, 3]
		},
		"head": {
			"rotation": [0, 180, 0],
			"translation": [0, 13, 7]
		},
		"fixed": {
			"rotation": [0, 180, 0]
		}
	},
	"groups": [
		{
			"name": "murderer2",
			"origin": [8, 8, 8],
			"color": 0,
			"children": [0]
		}
	]
}