{
	"credit": "Made by Bret06 using Blockbench",
	"textures": {
		"0": "custom/ui/logo",
		"particle": "custom/ui/logo"
	},
	"elements": [
		{
			"from": [-16, -16, 9],
			"to": [32, 32, 9],
			"faces": {
				"north": {"uv": [0, 0, 16, 16], "texture": "#0"},
				"east": {"uv": [0, 0, 0, 16], "texture": "#0"},
				"south": {"uv": [0, 12.5625, 16, 16], "texture": "#0"},
				"west": {"uv": [0, 0, 0, 16], "texture": "#0"},
				"up": {"uv": [0, 0, 16, 0], "texture": "#0"},
				"down": {"uv": [0, 0, 16, 0], "texture": "#0"}
			}
		}
	],
	"display": {
		"gui": {
			"rotation": [13.25, 145.25, 0],
			"translation": [0, 5.25, 0],
			"scale": [1.3, 1.3, 1.3]
		},
		"head": {
			"translation": [0, -63.6, -2],
			"scale": [1.8009, 1.8009, 1.8009]
		}
	}
}