{
	"credit": "Made by Bret06 using Blockbench",
	"textures": {
		"0": "models/armor/gold_layer_1",
		"particle": "models/armor/gold_layer_1"
	},
	"elements": [
		{
			"from": [4, 1.57279, 4.85858],
			"to": [12, 1.57279, 12.85858],
			"rotation": {"angle": -22.5, "axis": "x", "origin": [8, 2.27279, 8.85858]},
			"faces": {
				"north": {"uv": [4, 4, 6, 6], "rotation": 180, "texture": "#0"},
				"east": {"uv": [0, 6, 2, 8], "rotation": 270, "texture": "#0"},
				"south": {"uv": [4, 6, 2, 4], "texture": "#0"},
				"west": {"uv": [4, 6, 6, 8], "rotation": 90, "texture": "#0"},
				"up": {"uv": [2, 6, 4, 8], "rotation": 180, "texture": "#0"},
				"down": {"uv": [2, 6, 4, 8], "texture": "#0"}
			}
		},
		{
			"from": [12, -0.42721, 4.85858],
			"to": [12, 1.57279, 12.85858],
			"rotation": {"angle": -22.5, "axis": "x", "origin": [8, 2.27279, 8.85858]},
			"faces": {
				"north": {"uv": [4, 4, 6, 6], "rotation": 180, "texture": "#0"},
				"east": {"uv": [1.5, 6, 2, 8], "rotation": 270, "texture": "#0"},
				"south": {"uv": [4, 6, 2, 4], "texture": "#0"},
				"west": {"uv": [4, 6, 4.5, 8], "rotation": 90, "texture": "#0"},
				"up": {"uv": [2, 6, 4, 8], "rotation": 180, "texture": "#0"},
				"down": {"uv": [2, 6, 4, 8], "texture": "#0"}
			}
		},
		{
			"from": [4, -0.42721, 4.85858],
			"to": [4, 1.57279, 12.85858],
			"rotation": {"angle": -22.5, "axis": "x", "origin": [8, 2.27279, 8.85858]},
			"faces": {
				"north": {"uv": [4, 4, 6, 6], "rotation": 180, "texture": "#0"},
				"east": {"uv": [1.5, 6, 2, 8], "rotation": 270, "texture": "#0"},
				"south": {"uv": [4, 6, 2, 4], "texture": "#0"},
				"west": {"uv": [4, 6, 4.5, 8], "rotation": 90, "texture": "#0"},
				"up": {"uv": [2, 6, 4, 8], "rotation": 180, "texture": "#0"},
				"down": {"uv": [2, 6, 4, 8], "texture": "#0"}
			}
		},
		{
			"from": [4, -0.42721, 4.85858],
			"to": [12, -0.42721, 12.85858],
			"rotation": {"angle": -22.5, "axis": "x", "origin": [8, 2.27279, 8.85858]},
			"faces": {
				"north": {"uv": [4, 4, 6, 6], "rotation": 180, "texture": "#0"},
				"east": {"uv": [1.5, 6, 2, 8], "rotation": 270, "texture": "#0"},
				"south": {"uv": [4, 6, 2, 4], "texture": "#0"},
				"west": {"uv": [4, 6, 4.5, 8], "rotation": 90, "texture": "#0"},
				"up": {"uv": [1.5, 6, 2, 8], "rotation": 180, "texture": "#0"},
				"down": {"uv": [1.5, 6, 2, 8], "texture": "#0"}
			}
		}
	],
	"display": {
		"thirdperson_righthand": {
			"rotation": [75, 45, 0],
			"translation": [0, 2.5, 0],
			"scale": [0.375, 0.375, 0.375]
		},
		"thirdperson_lefthand": {
			"rotation": [75, 45, 0],
			"translation": [0, 2.5, 0],
			"scale": [0.375, 0.375, 0.375]
		},
		"firstperson_righthand": {
			"rotation": [0, 45, 0],
			"scale": [0.4, 0.4, 0.4]
		},
		"firstperson_lefthand": {
			"rotation": [0, 225, 0],
			"scale": [0.4, 0.4, 0.4]
		},
		"ground": {
			"translation": [0, 3, 0],
			"scale": [0.25, 0.25, 0.25]
		},
		"gui": {
			"rotation": [30, 225, 0],
			"scale": [0.625, 0.625, 0.625]
		},
		"head": {
			"translation": [0, 7.15, 0],
			"scale": [1.8009, 1.8009, 1.8009]
		},
		"fixed": {
			"rotation": [-90, 0, 0],
			"translation": [0, -1, -16],
			"scale": [2, 2, 2]
		}
	}
}