{
	"credit": "Made by Bret06 using Blockbench",
	"textures": {
		"0": "custom/ready_up_border",
		"particle": "custom/ready_up_border"
	},
	"elements": [
		{
			"from": [0, 0, 15],
			"to": [16, 8, 15],
			"faces": {
				"north": {"uv": [0, 0, 16, 8], "texture": "#0"},
				"east": {"uv": [0, 0, 0, 8], "texture": "#0"},
				"south": {"uv": [0, 0, 16, 8], "texture": "#0"},
				"west": {"uv": [0, 0, 0, 8], "texture": "#0"},
				"up": {"uv": [16, 0, 0, 0], "texture": "#0"},
				"down": {"uv": [16, 0, 0, 0], "texture": "#0"}
			}
		}
	],
	"display": {
		"thirdperson_righthand": {
			"rotation": [75, 45, 0],
			"translation": [0, 2.5, 0],
			"scale": [0.375, 0.375, 0.375]
		},
		"fixed": {
			"rotation": [-90, 0, 0],
			"translation": [0, 0, -16],
			"scale": [2, 2, 2]
		}
	}
}