{
	"credit": "Made by Bret06 using Blockbench",
	"texture_size": [64, 64],
	"textures": {
		"0": "custom/shelf_holder",
		"1": "custom/shelf",
		"particle": "custom/shelf_holder"
	},
	"elements": [
		{
			"from": [2, 3, 0],
			"to": [2, 19, 16],
			"faces": {
				"north": {"uv": [0, 0, 0, 8], "texture": "#0"},
				"east": {"uv": [8, 2, 0, 10], "texture": "#0"},
				"south": {"uv": [0, 0, 0, 8], "texture": "#0"},
				"west": {"uv": [0, 2, 8, 10], "texture": "#0"},
				"up": {"uv": [0, 8, 0, 0], "texture": "#0"},
				"down": {"uv": [0, 0, 0, 8], "texture": "#0"}
			}
		},
		{
			"from": [30, 3, 0],
			"to": [30, 19, 16],
			"faces": {
				"north": {"uv": [0, 0, 0, 8], "texture": "#0"},
				"east": {"uv": [8, 2, 0, 10], "texture": "#0"},
				"south": {"uv": [0, 0, 0, 8], "texture": "#0"},
				"west": {"uv": [0, 2, 8, 10], "texture": "#0"},
				"up": {"uv": [0, 8, 0, 0], "texture": "#0"},
				"down": {"uv": [0, 0, 0, 8], "texture": "#0"}
			}
		},
		{
			"from": [16, 3, -14],
			"to": [32, 19, -14],
			"rotation": {"angle": 0, "axis": "y", "origin": [30, 11, 8]},
			"faces": {
				"north": {"uv": [8, 2, 0, 10], "texture": "#0"},
				"east": {"uv": [0, 0, 0, 8], "texture": "#0"},
				"south": {"uv": [0, 2, 8, 10], "texture": "#0"},
				"west": {"uv": [0, 0, 0, 8], "texture": "#0"},
				"up": {"uv": [0, 8, 0, 0], "rotation": 270, "texture": "#0"},
				"down": {"uv": [0, 0, 0, 8], "rotation": 90, "texture": "#0"}
			}
		},
		{
			"from": [15, 3, 15],
			"to": [31, 19, 15],
			"rotation": {"angle": 0, "axis": "y", "origin": [30, 11, 8]},
			"faces": {
				"north": {"uv": [8, 2, 0, 10], "texture": "#0"},
				"east": {"uv": [0, 0, 0, 8], "texture": "#0"},
				"south": {"uv": [0, 2, 8, 10], "texture": "#0"},
				"west": {"uv": [0, 0, 0, 8], "texture": "#0"},
				"up": {"uv": [0, 8, 0, 0], "rotation": 270, "texture": "#0"},
				"down": {"uv": [0, 0, 0, 8], "rotation": 90, "texture": "#0"}
			}
		},
		{
			"from": [0, 15, 0],
			"to": [32, 16, 16],
			"faces": {
				"north": {"uv": [8, 11.75, 16, 12], "texture": "#1"},
				"east": {"uv": [8, 8, 8.25, 12], "rotation": 90, "texture": "#1"},
				"south": {"uv": [8, 8, 16, 8.25], "texture": "#1"},
				"west": {"uv": [15.75, 8, 16, 12], "rotation": 90, "texture": "#1"},
				"up": {"uv": [16, 12, 8, 8], "texture": "#1"},
				"down": {"uv": [16, 8, 8, 12], "texture": "#1"}
			}
		},
		{
			"from": [16, 15, -16],
			"to": [32, 16, 0],
			"rotation": {"angle": 0, "axis": "y", "origin": [16, 15.5, 8]},
			"faces": {
				"north": {"uv": [0, 0, 0.25, 4], "rotation": 90, "texture": "#1"},
				"east": {"uv": [0, 0, 4, 0.25], "texture": "#1"},
				"south": {"uv": [3.75, 0, 4, 4], "rotation": 90, "texture": "#1"},
				"west": {"uv": [0, 3.75, 4, 4], "texture": "#1"},
				"up": {"uv": [4, 4, 0, 0], "rotation": 270, "texture": "#1"},
				"down": {"uv": [4, 0, 0, 4], "rotation": 90, "texture": "#1"}
			}
		}
	],
	"display": {
		"thirdperson_righthand": {
			"rotation": [75, 45, 0],
			"translation": [0, 2.5, 0],
			"scale": [0.375, 0.375, 0.375]
		},
		"thirdperson_lefthand": {
			"rotation": [75, 45, 0],
			"translation": [0, 2.5, 0],
			"scale": [0.375, 0.375, 0.375]
		},
		"firstperson_righthand": {
			"rotation": [0, 45, 0],
			"scale": [0.4, 0.4, 0.4]
		},
		"firstperson_lefthand": {
			"rotation": [0, 225, 0],
			"scale": [0.4, 0.4, 0.4]
		},
		"ground": {
			"translation": [0, 3, 0],
			"scale": [0.25, 0.25, 0.25]
		},
		"gui": {
			"rotation": [30, 225, 0],
			"scale": [0.625, 0.625, 0.625]
		},
		"fixed": {
			"translation": [0, 0, -16],
			"scale": [2, 2, 2]
		}
	}
}