{
	"credit": "Made by Bret06 using Blockbench",
	"texture_size": [32, 32],
	"textures": {
		"1": "builder:decor/lanterns/stand1",
		"particle": "builder:decor/lanterns/lantern"
	},
	"elements": [
		{
			"from": [2.2, 12.7, 8],
			"to": [9.8, 13.7, 10],
			"rotation": {"angle": 0, "axis": "y", "origin": [2.8, 10, 8.5]},
			"faces": {
				"north": {"uv": [2.5, 2, 6.5, 2.5], "texture": "#1"},
				"east": {"uv": [4, 5.5, 5, 6], "texture": "#1"},
				"south": {"uv": [5, 5, 9, 5.5], "texture": "#1"},
				"west": {"uv": [5, 5.5, 6, 6], "texture": "#1"},
				"up": {"uv": [2.5, 1, 6.5, 0], "texture": "#1"},
				"down": {"uv": [6.5, 1, 2.5, 2], "texture": "#1"}
			}
		},
		{
			"from": [4, 11.5, 8.3],
			"to": [7.6, 12.5, 9.8],
			"rotation": {"angle": 45, "axis": "z", "origin": [4.6, 8.8, 8.3]},
			"faces": {
				"north": {"uv": [5, 2.5, 7, 3], "texture": "#1"},
				"east": {"uv": [5, 4.5, 6, 5], "texture": "#1"},
				"south": {"uv": [5, 3, 7, 3.5], "texture": "#1"},
				"west": {"uv": [3, 5.5, 4, 6], "texture": "#1"},
				"up": {"uv": [2, 4, 0, 3], "texture": "#1"},
				"down": {"uv": [2, 4, 0, 5], "texture": "#1"}
			}
		},
		{
			"from": [1.25685, 9, 6.6468],
			"to": [2.25685, 15, 11.6468],
			"rotation": {"angle": 0, "axis": "y", "origin": [3.6, 9, 9]},
			"faces": {
				"north": {"uv": [2, 3, 2.5, 6], "texture": "#1"},
				"east": {"uv": [0, 0, 2.5, 3], "texture": "#1"},
				"south": {"uv": [0, 5, 0.5, 8], "texture": "#1"},
				"west": {"uv": [0, 0, 2.5, 3], "texture": "#1"},
				"up": {"uv": [1, 7.5, 0.5, 5], "texture": "#1"},
				"down": {"uv": [1.5, 5, 1, 7.5], "texture": "#1"}
			}
		},
		{
			"from": [1.2468, 8, 7.6468],
			"to": [2.2468, 9, 10.6468],
			"rotation": {"angle": 0, "axis": "y", "origin": [2.6, 8, 9]},
			"faces": {
				"north": {"uv": [2, 6, 2.5, 6.5], "texture": "#1"},
				"east": {"uv": [5, 3.5, 6.5, 4], "texture": "#1"},
				"south": {"uv": [3, 6, 3.5, 6.5], "texture": "#1"},
				"west": {"uv": [5, 4, 6.5, 4.5], "texture": "#1"},
				"up": {"uv": [2, 6.5, 1.5, 5], "texture": "#1"},
				"down": {"uv": [3, 5.5, 2.5, 7], "texture": "#1"}
			}
		}
	],
	"display": {
		"firstperson_righthand": {
			"rotation": [0, 118.5, 0],
			"translation": [-5.25, 0, 0]
		},
		"firstperson_lefthand": {
			"rotation": [0, -58.75, 0],
			"translation": [-4.75, 0, 0]
		},
		"gui": {
			"rotation": [-17.75, -79, 0],
			"translation": [4.75, -3.75, 0],
			"scale": [1.9, 1.9, 1.9]
		},
		"fixed": {
			"rotation": [0, 90, 0],
			"translation": [-2.5, -6, -16.75],
			"scale": [2.5, 2.5, 2.5]
		}
	},
	"groups": [
		0,
		1,
		2,
		3,
		{
			"name": "group",
			"origin": [17.6, 17, 7.7],
			"color": 0,
			"nbt": "{}",
			"armAnimationEnabled": false,
			"children": []
		}
	]
}