{
	"credit": "Made by Bret06 using Blockbench",
	"textures": {
		"0": "custom/decor/book/book",
		"particle": "custom/decor/book/book"
	},
	"elements": [
		{
			"from": [11, 1.1, 7],
			"to": [11, 11.1, 9],
			"rotation": {"angle": 0, "axis": "x", "origin": [8, 1.1, 8]},
			"faces": {
				"north": {"uv": [0, 0, 0, 2.5], "rotation": 180, "texture": "#0"},
				"east": {"uv": [6, 5.25, 6.5, 2.75], "rotation": 180, "texture": "#0"},
				"south": {"uv": [0, 0, 0, 2.5], "texture": "#0"},
				"west": {"uv": [6, 2.75, 6.5, 5.25], "texture": "#0"},
				"up": {"uv": [0, 0, 0, 0.5], "texture": "#0"},
				"down": {"uv": [0, 0, 0, 0], "rotation": 180, "texture": "#0"}
			}
		},
		{
			"from": [5, 1.1, 9],
			"to": [11, 11.1, 9],
			"rotation": {"angle": 0, "axis": "x", "origin": [8, 1.1, 8]},
			"faces": {
				"north": {"uv": [4.5, 5.25, 6, 2.75], "rotation": 180, "texture": "#0"},
				"east": {"uv": [0, 0, 2.5, 0], "rotation": 90, "texture": "#0"},
				"south": {"uv": [4.5, 2.75, 6, 5.25], "texture": "#0"},
				"west": {"uv": [0, 0, 2.5, 0], "rotation": 270, "texture": "#0"},
				"up": {"uv": [0, 0, 1.5, 0], "texture": "#0"},
				"down": {"uv": [0, 0, 0, 0], "rotation": 180, "texture": "#0"}
			}
		},
		{
			"from": [5, 1.1, 7],
			"to": [11, 11.1, 7],
			"rotation": {"angle": 0, "axis": "x", "origin": [8, 1.1, 8]},
			"faces": {
				"north": {"uv": [4.5, 5.25, 6, 2.75], "rotation": 180, "texture": "#0"},
				"east": {"uv": [0, 0, 2.5, 0], "rotation": 90, "texture": "#0"},
				"south": {"uv": [4.5, 2.75, 6, 5.25], "texture": "#0"},
				"west": {"uv": [0, 0, 2.5, 0], "rotation": 270, "texture": "#0"},
				"up": {"uv": [0, 0, 1.5, 0], "texture": "#0"},
				"down": {"uv": [0, 0, 0, 0], "rotation": 180, "texture": "#0"}
			}
		},
		{
			"from": [4.9, 1.3, 6.99],
			"to": [10.9, 11.3, 6.99],
			"rotation": {"angle": 22.5, "axis": "z", "origin": [8, 6.1, 6.9]},
			"faces": {
				"north": {"uv": [7, 5.5, 8.5, 3], "rotation": 180, "texture": "#0"},
				"east": {"uv": [0, 0, 2.5, 0], "rotation": 90, "texture": "#0"},
				"south": {"uv": [7, 3, 8.5, 5.5], "texture": "#0"},
				"west": {"uv": [0, 0, 2.5, 0], "rotation": 270, "texture": "#0"},
				"up": {"uv": [0, 0, 1.5, 0], "texture": "#0"},
				"down": {"uv": [0, 0, 0, 0], "rotation": 180, "texture": "#0"}
			}
		},
		{
			"from": [4.9, 1.3, 9.01],
			"to": [10.9, 11.3, 9.01],
			"rotation": {"angle": 22.5, "axis": "z", "origin": [8, 6.1, 6.9]},
			"faces": {
				"north": {"uv": [7, 5.5, 8.5, 3], "rotation": 180, "texture": "#0"},
				"east": {"uv": [0, 0, 2.5, 0], "rotation": 90, "texture": "#0"},
				"south": {"uv": [7, 3, 8.5, 5.5], "texture": "#0"},
				"west": {"uv": [0, 0, 2.5, 0], "rotation": 270, "texture": "#0"},
				"up": {"uv": [0, 0, 1.5, 0], "texture": "#0"},
				"down": {"uv": [0, 0, 0, 0], "rotation": 180, "texture": "#0"}
			}
		},
		{
			"from": [5.999, 2.1, 7.002],
			"to": [10.999, 10.1, 8.001],
			"rotation": {"angle": 0, "axis": "x", "origin": [8, 1.1, 8]},
			"faces": {
				"north": {"uv": [0.25, 0.25, 1.5, 2.25], "rotation": 180, "texture": "#0"},
				"east": {"uv": [1.5, 0.25, 1.75, 2.25], "rotation": 180, "texture": "#0"},
				"south": {"uv": [0.25, 5.75, 1.5, 7.75], "texture": "#0"},
				"west": {"uv": [1, 5.5, 2.25, 5.75], "rotation": 270, "texture": "#0"},
				"up": {"uv": [1, 5.5, 2.25, 5.75], "texture": "#0"},
				"down": {"uv": [1, 5.5, 2.25, 5.75], "rotation": 180, "texture": "#0"}
			}
		},
		{
			"from": [5.999, 2.1, 8],
			"to": [10.999, 10.1, 8.999],
			"rotation": {"angle": 0, "axis": "x", "origin": [8, 1.1, 8]},
			"faces": {
				"north": {"uv": [1.75, 5.75, 3, 7.75], "rotation": 180, "texture": "#0"},
				"east": {"uv": [1.75, 0.25, 2, 2.25], "rotation": 180, "texture": "#0"},
				"south": {"uv": [12, 1, 13.25, 3], "texture": "#0"},
				"west": {"uv": [3.75, 5.5, 5, 5.75], "rotation": 270, "texture": "#0"},
				"up": {"uv": [3.75, 5.5, 5, 5.75], "texture": "#0"},
				"down": {"uv": [3.75, 5.5, 5, 5.75], "rotation": 180, "texture": "#0"}
			}
		},
		{
			"from": [8, -4.6, 7.8],
			"to": [10, -1.6, 7.8],
			"rotation": {"angle": -45, "axis": "x", "origin": [9, 0.4, 3.3]},
			"faces": {
				"north": {"uv": [15.5, 0, 16, 1], "rotation": 180, "texture": "#0"},
				"east": {"uv": [0, 0, 3, 0], "rotation": 90, "texture": "#missing"},
				"south": {"uv": [15.5, 0, 16, 1], "texture": "#0"},
				"west": {"uv": [0, 0, 3, 0], "rotation": 270, "texture": "#missing"},
				"up": {"uv": [0, 0, 2, 0], "texture": "#missing"},
				"down": {"uv": [0, 0, 2, 0], "rotation": 180, "texture": "#missing"}
			}
		}
	],
	"display": {
		"thirdperson_righthand": {
			"rotation": [75, 45, 0],
			"translation": [0, 2.5, 0],
			"scale": [0.375, 0.375, 0.375]
		},
		"thirdperson_lefthand": {
			"rotation": [75, 45, 0],
			"translation": [0, 2.5, 0],
			"scale": [0.375, 0.375, 0.375]
		},
		"firstperson_righthand": {
			"rotation": [0, 45, 0],
			"scale": [0.4, 0.4, 0.4]
		},
		"firstperson_lefthand": {
			"rotation": [0, 225, 0],
			"scale": [0.4, 0.4, 0.4]
		},
		"ground": {
			"translation": [0, 3, 0],
			"scale": [0.25, 0.25, 0.25]
		},
		"gui": {
			"rotation": [30, 225, 0],
			"translation": [0, 2.5, 0],
			"scale": [1.5, 1.5, 1.5]
		},
		"head": {
			"translation": [0, 19.26, 0],
			"scale": [1.6, 1.6, 1.6]
		},
		"fixed": {
			"translation": [0, 4, -2.1],
			"scale": [2, 2, 2]
		}
	},
	"groups": [
		{
			"name": "group",
			"origin": [8, 8, 8],
			"color": 0,
			"nbt": "{}",
			"armAnimationEnabled": false,
			"children": [0, 1, 2, 3, 4, 5, 6]
		},
		7
	]
}