{
	"credit": "Made by Bret06 using Blockbench",
	"texture_size": [64, 64],
	"textures": {
		"0": "custom/settings_box",
		"2": "custom/switch_box_wire",
		"particle": "custom/settings_box"
	},
	"elements": [
		{
			"from": [3.9, 19.9, 15.1],
			"to": [12.1, 29.1, 16.1],
			"rotation": {"angle": 0, "axis": "y", "origin": [8, 20, 15]},
			"faces": {
				"north": {"uv": [0, 0, 2, 2.25], "texture": "#0"},
				"east": {"uv": [2, 4.5, 2.25, 6.75], "texture": "#0"},
				"south": {"uv": [2, 0, 4, 2.25], "texture": "#0"},
				"west": {"uv": [2, 4.5, 2.25, 6.75], "texture": "#0"},
				"up": {"uv": [6.75, 0.25, 4.75, 0], "texture": "#0"},
				"down": {"uv": [6.75, 0, 4.75, 0.25], "texture": "#0"}
			}
		},
		{
			"from": [4.9, 19.9, 14.1],
			"to": [11.1, 20.9, 15.1],
			"rotation": {"angle": 0, "axis": "y", "origin": [8, 20, 15]},
			"faces": {
				"north": {"uv": [4.75, 3.25, 6.25, 3.5], "texture": "#0"},
				"east": {"uv": [5, 0.75, 5.25, 1], "texture": "#0"},
				"south": {"uv": [4.75, 3.5, 6.25, 3.75], "texture": "#0"},
				"west": {"uv": [5, 1, 5.25, 1.25], "texture": "#0"},
				"up": {"uv": [6.25, 3.5, 4.75, 3.25], "texture": "#0"},
				"down": {"uv": [6.25, 3.25, 4.75, 3.5], "texture": "#0"}
			}
		},
		{
			"from": [4.9, 28.1, 14.1],
			"to": [11.1, 29.1, 15.1],
			"rotation": {"angle": 0, "axis": "y", "origin": [8, 20, 15]},
			"faces": {
				"north": {"uv": [4.75, 3.25, 6.25, 3.5], "texture": "#0"},
				"east": {"uv": [5, 0.75, 5.25, 1], "texture": "#0"},
				"south": {"uv": [4.75, 3.5, 6.25, 3.75], "texture": "#0"},
				"west": {"uv": [5, 1, 5.25, 1.25], "texture": "#0"},
				"up": {"uv": [6.25, 3.5, 4.75, 3.25], "texture": "#0"},
				"down": {"uv": [6.25, 3.25, 4.75, 3.5], "texture": "#0"}
			}
		},
		{
			"from": [3.9, 19.9, 14.1],
			"to": [4.9, 29.1, 15.1],
			"rotation": {"angle": 0, "axis": "y", "origin": [8, 20, 15]},
			"faces": {
				"north": {"uv": [0.5, 4.5, 0.75, 6.75], "texture": "#0"},
				"east": {"uv": [2.5, 4.5, 2.75, 6.75], "texture": "#0"},
				"south": {"uv": [1.25, 4.5, 1.5, 6.75], "texture": "#0"},
				"west": {"uv": [0.5, 4.5, 0.75, 6.75], "texture": "#0"},
				"up": {"uv": [0.75, 4.75, 0.5, 4.5], "texture": "#0"},
				"down": {"uv": [0.75, 4.5, 0.5, 4.75], "texture": "#0"}
			}
		},
		{
			"from": [11.1, 19.9, 14.1],
			"to": [12.1, 29.1, 15.1],
			"rotation": {"angle": 0, "axis": "y", "origin": [8, 20, 15]},
			"faces": {
				"north": {"uv": [0.5, 4.5, 0.75, 6.75], "texture": "#0"},
				"east": {"uv": [0.5, 4.5, 0.75, 6.75], "texture": "#0"},
				"south": {"uv": [2.25, 4.5, 2.5, 6.75], "texture": "#0"},
				"west": {"uv": [2.5, 4.5, 2.75, 6.75], "texture": "#0"},
				"up": {"uv": [2.25, 4.75, 2, 4.5], "texture": "#0"},
				"down": {"uv": [2.25, 4.5, 2, 4.75], "texture": "#0"}
			}
		},
		{
			"from": [11.2, 20, 7.5],
			"to": [12.2, 29, 14.5],
			"rotation": {"angle": -22.5, "axis": "y", "origin": [12.1, 24, 14.1]},
			"faces": {
				"north": {"uv": [2.75, 4.5, 3, 6.75], "texture": "#0"},
				"east": {"uv": [0, 2.25, 1.75, 4.5], "texture": "#0"},
				"south": {"uv": [2.75, 4.5, 3, 6.75], "texture": "#0"},
				"west": {"uv": [1.75, 2.25, 3.5, 4.5], "texture": "#0"},
				"up": {"uv": [3.5, 6.25, 3.25, 4.5], "texture": "#0"},
				"down": {"uv": [3.5, 4.5, 3.25, 6.25], "texture": "#0"}
			}
		},
		{
			"from": [12.21421, 22, 8.51522],
			"to": [12.21421, 27, 13.51522],
			"rotation": {"angle": -22.5, "axis": "y", "origin": [12.1, 24, 14.1]},
			"faces": {
				"north": {"uv": [0, 0, 0, 5], "texture": "#missing"},
				"east": {"uv": [7, 3.5, 9, 5.5], "texture": "#0"},
				"south": {"uv": [0, 0, 0, 5], "texture": "#missing"},
				"west": {"uv": [0, 0, 5, 5], "texture": "#missing"},
				"up": {"uv": [0, 0, 5, 0], "rotation": 90, "texture": "#missing"},
				"down": {"uv": [0, 0, 5, 0], "rotation": 270, "texture": "#missing"}
			}
		},
		{
			"from": [11.199, 22, 8.51522],
			"to": [11.199, 27, 13.51522],
			"rotation": {"angle": -22.5, "axis": "y", "origin": [12.1, 24, 14.1]},
			"faces": {
				"north": {"uv": [0, 0, 0, 5], "texture": "#missing"},
				"east": {"uv": [7, 3.5, 9, 5.5], "texture": "#0"},
				"south": {"uv": [0, 0, 0, 5], "texture": "#missing"},
				"west": {"uv": [5.5, 8.5, 7.25, 10.25], "texture": "#0"},
				"up": {"uv": [0, 0, 5, 0], "rotation": 90, "texture": "#missing"},
				"down": {"uv": [0, 0, 5, 0], "rotation": 270, "texture": "#missing"}
			}
		},
		{
			"from": [7, 0, 15],
			"to": [9, 20, 16],
			"faces": {
				"north": {"uv": [1, 0, 0, 10], "texture": "#2"},
				"east": {"uv": [2.5, 0, 3, 10], "texture": "#2"},
				"south": {"uv": [1, 0, 2, 10], "texture": "#2"},
				"west": {"uv": [2, 0, 2.5, 10], "texture": "#2"},
				"up": {"uv": [4, 0.5, 3, 0], "texture": "#2"},
				"down": {"uv": [4, 0.5, 3, 1], "texture": "#2"}
			}
		},
		{
			"from": [5.9, 24, 14.1],
			"to": [10.1, 25.1, 15.1],
			"faces": {
				"north": {"uv": [3.5, 2.25, 4.5, 2.5], "texture": "#0"},
				"east": {"uv": [4.25, 2.25, 4.5, 2.5], "texture": "#0"},
				"south": {"uv": [3.5, 2.25, 4.5, 2.5], "texture": "#0"},
				"west": {"uv": [3.5, 2.25, 3.75, 2.5], "texture": "#0"},
				"up": {"uv": [4.5, 2.5, 3.5, 2.25], "texture": "#0"},
				"down": {"uv": [4.5, 2.25, 3.5, 2.5], "texture": "#0"}
			}
		}
	],
	"display": {
		"thirdperson_righthand": {
			"translation": [0, -2, 0],
			"scale": [0.3, 0.3, 0.3]
		},
		"thirdperson_lefthand": {
			"translation": [0, -2, 0],
			"scale": [0.3, 0.3, 0.3]
		},
		"firstperson_righthand": {
			"scale": [0.35, 0.35, 0.35]
		},
		"firstperson_lefthand": {
			"scale": [0.35, 0.35, 0.35]
		},
		"ground": {
			"rotation": [90, 0, 0],
			"translation": [0, 0, -2],
			"scale": [0.55, 0.55, 0.55]
		},
		"gui": {
			"rotation": [22.5, -137, 4.5],
			"translation": [2.25, -4.25, 0],
			"scale": [0.5, 0.5, 0.5]
		},
		"fixed": {
			"translation": [0, -32.75, -16],
			"scale": [2, 2, 2]
		}
	},
	"groups": [
		{
			"name": "switchbox",
			"origin": [0, 0, 0],
			"color": 0,
			"nbt": "{}",
			"armAnimationEnabled": false,
			"children": [0, 1, 2, 3, 4, 5]
		},
		6,
		7,
		8,
		9
	]
}