{
	"credit": "Made by Bret06 using Blockbench",
	"texture_size": [128, 128],
	"textures": {
		"0": "custom/decor/closet",
		"particle": "custom/decor/closet"
	},
	"elements": [
		{
			"from": [-14, 32, 2],
			"to": [16, 32, 16],
			"faces": {
				"north": {"uv": [0, 0, 3.75, 4], "texture": "#0"},
				"east": {"uv": [0, 4, 1.75, 8], "texture": "#0"},
				"south": {"uv": [3.75, 0, 7.5, 4], "texture": "#0"},
				"west": {"uv": [0, 4, 1.75, 8], "texture": "#0"},
				"up": {"uv": [7.75, 5.75, 4, 4], "texture": "#0"},
				"down": {"uv": [7.75, 4, 4, 5.75], "texture": "#0"}
			}
		},
		{
			"from": [16, 0, 2],
			"to": [16, 32, 16],
			"faces": {
				"north": {"uv": [0, 0, 3.75, 4], "texture": "#0"},
				"east": {"uv": [0, 4, 1.75, 8], "texture": "#0"},
				"south": {"uv": [3.75, 0, 7.5, 4], "texture": "#0"},
				"west": {"uv": [0, 4, 1.75, 8], "texture": "#0"},
				"up": {"uv": [7.75, 5.75, 4, 4], "texture": "#0"},
				"down": {"uv": [7.75, 4, 4, 5.75], "texture": "#0"}
			}
		},
		{
			"from": [-14, 0, 2],
			"to": [-14, 32, 16],
			"faces": {
				"north": {"uv": [0, 0, 3.75, 4], "texture": "#0"},
				"east": {"uv": [0, 4, 1.75, 8], "texture": "#0"},
				"south": {"uv": [3.75, 0, 7.5, 4], "texture": "#0"},
				"west": {"uv": [0, 4, 1.75, 8], "texture": "#0"},
				"up": {"uv": [7.75, 5.75, 4, 4], "texture": "#0"},
				"down": {"uv": [7.75, 4, 4, 5.75], "texture": "#0"}
			}
		},
		{
			"from": [-14, 0, 2],
			"to": [16, 0, 16],
			"faces": {
				"north": {"uv": [0, 0, 3.75, 4], "texture": "#0"},
				"east": {"uv": [0, 4, 1.75, 8], "texture": "#0"},
				"south": {"uv": [3.75, 0, 7.5, 4], "texture": "#0"},
				"west": {"uv": [0, 4, 1.75, 8], "texture": "#0"},
				"up": {"uv": [7.75, 5.75, 4, 4], "texture": "#0"},
				"down": {"uv": [7.75, 4, 4, 5.75], "texture": "#0"}
			}
		},
		{
			"from": [-14, 0, 2],
			"to": [16, 32, 2],
			"faces": {
				"north": {"uv": [0, 0, 3.75, 4], "texture": "#0"},
				"east": {"uv": [0, 4, 1.75, 8], "texture": "#0"},
				"south": {"uv": [0, 0, 3.75, 4], "texture": "#0"},
				"west": {"uv": [0, 4, 1.75, 8], "texture": "#0"},
				"up": {"uv": [7.75, 5.75, 4, 4], "texture": "#0"},
				"down": {"uv": [7.75, 4, 4, 5.75], "texture": "#0"}
			}
		},
		{
			"from": [-14, 0, 16],
			"to": [16, 32, 16],
			"faces": {
				"north": {"uv": [3.75, 0, 7.5, 4], "texture": "#0"},
				"east": {"uv": [0, 4, 1.75, 8], "texture": "#0"},
				"south": {"uv": [3.75, 0, 7.5, 4], "texture": "#0"},
				"west": {"uv": [0, 4, 1.75, 8], "texture": "#0"},
				"up": {"uv": [7.75, 5.75, 4, 4], "texture": "#0"},
				"down": {"uv": [7.75, 4, 4, 5.75], "texture": "#0"}
			}
		},
		{
			"from": [-13, 1, 2],
			"to": [1, 31, 3],
			"rotation": {"angle": 0, "axis": "y", "origin": [-13, 16, 2.5]},
			"faces": {
				"north": {"uv": [11.75, 0.25, 13.5, 4], "texture": "#0"},
				"east": {"uv": [11.75, 0.25, 11.875, 4], "texture": "#0"},
				"south": {"uv": [13.5, 0.25, 11.75, 4], "texture": "#0"},
				"west": {"uv": [13.375, 0.25, 13.5, 4], "texture": "#0"},
				"up": {"uv": [13.5, 0.375, 11.75, 0.25], "texture": "#0"},
				"down": {"uv": [13.5, 3.875, 11.75, 4], "texture": "#0"}
			}
		},
		{
			"from": [1, 1, 2],
			"to": [15, 31, 3],
			"rotation": {"angle": 0, "axis": "y", "origin": [15, 16, 2.5]},
			"faces": {
				"north": {"uv": [13.5, 0.25, 11.75, 4], "texture": "#0"},
				"east": {"uv": [13.5, 0.25, 13.375, 4], "texture": "#0"},
				"south": {"uv": [11.75, 0.25, 13.5, 4], "texture": "#0"},
				"west": {"uv": [11.875, 0.25, 11.75, 4], "texture": "#0"},
				"up": {"uv": [11.75, 0.375, 13.5, 0.25], "texture": "#0"},
				"down": {"uv": [11.75, 3.875, 13.5, 4], "texture": "#0"}
			}
		}
	],
	"display": {
		"thirdperson_righthand": {
			"rotation": [75, 45, 0],
			"translation": [0, 2.5, 0],
			"scale": [0.375, 0.375, 0.375]
		},
		"fixed": {
			"rotation": [-90, 0, 0],
			"translation": [0, 0, -16],
			"scale": [2, 2, 2]
		}
	}
}