{
	"credit": "Made with Blockbench",
	"texture_size": [64, 64],
	"textures": {
		"0": "custom/decor/pedestal",
		"particle": "custom/decor/pedestal"
	},
	"elements": [
		{
			"from": [0, 0, 0],
			"to": [16, 4, 16],
			"faces": {
				"north": {"uv": [3.5, 10, 7.5, 11], "texture": "#0"},
				"east": {"uv": [3.5, 10, 7.5, 11], "texture": "#0"},
				"south": {"uv": [3.5, 10, 7.5, 11], "texture": "#0"},
				"west": {"uv": [3.5, 10, 7.5, 11], "texture": "#0"},
				"up": {"uv": [4, 4, 0, 0], "texture": "#0"},
				"down": {"uv": [4, 0, 0, 4], "texture": "#0"}
			}
		},
		{
			"from": [1, 4, 1],
			"to": [15, 12, 15],
			"faces": {
				"north": {"uv": [3.5, 8, 7, 10], "texture": "#0"},
				"east": {"uv": [3.5, 8, 7, 10], "texture": "#0"},
				"south": {"uv": [3.5, 8, 7, 10], "texture": "#0"},
				"west": {"uv": [3.5, 8, 7, 10], "texture": "#0"},
				"up": {"uv": [3.5, 11.5, 0, 8], "texture": "#0"},
				"down": {"uv": [11.5, 0, 8, 3.5], "texture": "#0"}
			}
		},
		{
			"from": [0, 12, 0],
			"to": [16, 16, 16],
			"faces": {
				"north": {"uv": [3.5, 11, 7.5, 12], "texture": "#0"},
				"east": {"uv": [3.5, 11, 7.5, 12], "texture": "#0"},
				"south": {"uv": [3.5, 11, 7.5, 12], "texture": "#0"},
				"west": {"uv": [3.5, 11, 7.5, 12], "texture": "#0"},
				"up": {"uv": [8, 4, 4, 0], "texture": "#0"},
				"down": {"uv": [4, 0, 0, 4], "texture": "#0"}
			}
		}
	],
	"display": {
		"thirdperson_righthand": {
			"rotation": [75, 45, 0],
			"translation": [0, 2.5, 0],
			"scale": [0.375, 0.375, 0.375]
		},
		"thirdperson_lefthand": {
			"rotation": [75, 45, 0],
			"translation": [0, 2.5, 0],
			"scale": [0.375, 0.375, 0.375]
		},
		"firstperson_righthand": {
			"rotation": [0, 45, 0],
			"scale": [0.4, 0.4, 0.4]
		},
		"firstperson_lefthand": {
			"rotation": [0, 225, 0],
			"scale": [0.4, 0.4, 0.4]
		},
		"ground": {
			"translation": [0, 3, 0],
			"scale": [0.25, 0.25, 0.25]
		},
		"gui": {
			"rotation": [30, 225, 0],
			"scale": [0.625, 0.625, 0.625]
		},
		"fixed": {
			"rotation": [-90, 0, 0],
			"translation": [0, 0, -16],
			"scale": [2, 2, 2]
		}
	}
}